Title,Stock Number,Price,Dia. (mm),CWL (nm),CWL Tolerance (nm),FWHM (nm),FWHM Tolerance (nm),Minimum Transmission (%),Blocking Wavelength Range (nm),Optical Density OD,CA (mm),Surface Quality,Coating,Mount Thickness (mm),Substrate,Substrate Thickness (mm),Thickness Tolerance (mm),Type,Typical Applications
"250nm CWL, 12.5mm Dia., Hard Coated OD 4 10nm Bandpass Filter",35-871,$155,12.50 +0.0/-0.1,250 ,±2.0 ,10 ,±2.0 ,>50 ,200 - 650 ,?4.0 ,8.8 ,80-50 ,Hard Coated ,5.0 ,Fused Silica ,3.5 ±0.5 typical ,±0.1 ,Bandpass Filter ,KrF Laser Line / Argon SHG 
"250nm CWL, 25mm Dia., Hard Coated OD 4 10nm Bandpass Filter",35-878,$255,25.00 +0.0/-0.1,250 ,±2.0 ,10 ,±2.0 ,>50 ,200 - 650 ,?4.0 ,21.0 ,80-50 ,Hard Coated ,5.0 ,Fused Silica ,3.5 ±0.5 typical ,±0.1 ,Bandpass Filter ,KrF Laser Line / Argon SHG 
"250nm CWL, 50mm Dia., Hard Coated OD 4 10nm Bandpass Filter",35-885,$550,50.00 +0.0/-0.1,250 ,±2.0 ,10 ,±2.0 ,>50 ,200 - 650 ,?4.0 ,45.3 ,80-50 ,Hard Coated ,5.0 ,Fused Silica ,3.5 ±0.5 typical ,±0.1 ,Bandpass Filter ,KrF Laser Line / Argon SHG 
"254nm CWL, 12.5mm Dia., Hard Coated OD 4 10nm Bandpass Filter",39-305,$155,12.50 +0.0/-0.1,254 ,±2.0 ,10 ,±2.0 ,?50 ,200 - 650 ,?4.0 ,8.8 ,80-50 ,Hard Coated ,5.0 ,Fused Silica ,2.0 ±0.5 typical ,±0.1 ,Bandpass Filter ,Mercury Emission 
"254nm CWL, 25mm Dia., Hard Coated OD 4 10nm Bandpass Filter",39-312,$255,25.00 +0.0/-0.1,254 ,±2.0 ,10 ,±2.0 ,?50 ,200 - 650 ,?4.0 ,21.0 ,80-50 ,Hard Coated ,5.0 ,Fused Silica ,2.0 ±0.5 typical ,±0.1 ,Bandpass Filter ,Mercury Emission 
"254nm CWL, 50mm Dia., Hard Coated OD 4 10nm Bandpass Filter",39-319,$550,50.00 +0.0/-0.1,254 ,±2.0 ,10 ,±2.0 ,?50 ,200 - 650 ,?4.0 ,45.3 ,80-50 ,Hard Coated ,5.0 ,Fused Silica ,2.0 ±0.5 typical ,±0.1 ,Bandpass Filter ,Mercury Emission 
"260nm CWL, 12.5mm Dia., Hard Coated OD 4 10nm Bandpass Filter",35-872,$155,12.50 +0.0/-0.1,260 ,±2.0 ,10 ,±2.0 ,>50 ,200 - 650 ,?4.0 ,8.8 ,80-50 ,Hard Coated ,5.0 ,Fused Silica ,3.5 ±0.5 typical ,±0.1 ,Bandpass Filter ,Nucleic Acid Quantitation 
"260nm CWL, 25mm Dia., Hard Coated OD 4 10nm Bandpass Filter",35-879,$255,25.00 +0.0/-0.1,260 ,±2.0 ,10 ,±2.0 ,>50 ,200 - 650 ,?4.0 ,21.0 ,80-50 ,Hard Coated ,5.0 ,Fused Silica ,3.5 ±0.5 typical ,±0.1 ,Bandpass Filter ,Nucleic Acid Quantitation 
"260nm CWL, 50mm Dia., Hard Coated OD 4 10nm Bandpass Filter",35-886,$550,50.00 +0.0/-0.1,260 ,±2.0 ,10 ,±2.0 ,>50 ,200 - 650 ,?4.0 ,45.3 ,80-50 ,Hard Coated ,5.0 ,Fused Silica ,3.5 ±0.5 typical ,±0.1 ,Bandpass Filter ,Nucleic Acid Quantitation 
"266nm CWL, 12.5mm Dia., Hard Coated OD 4 10nm Bandpass Filter",39-306,$155,12.50 +0.0/-0.1,266 ,±2.0 ,10 ,±2.0 ,?50 ,200 - 650 ,?4.0 ,8.8 ,80-50 ,Hard Coated ,5.0 ,Fused Silica ,2.0 ±0.5 typical ,±0.1 ,Bandpass Filter ,4th Harmonic Nd:YAG Laser 
"266nm CWL, 25mm Dia., Hard Coated OD 4 10nm Bandpass Filter",39-313,$255,25.00 +0.0/-0.1,266 ,±2.0 ,10 ,±2.0 ,?50 ,200 - 650 ,?4.0 ,21.0 ,80-50 ,Hard Coated ,5.0 ,Fused Silica ,2.0 ±0.5 typical ,±0.1 ,Bandpass Filter ,4th Harmonic Nd:YAG Laser 
"266nm CWL, 50mm Dia., Hard Coated OD 4 10nm Bandpass Filter",39-320,$550,50.00 +0.0/-0.1,266 ,±2.0 ,10 ,±2.0 ,?50 ,200 - 650 ,?4.0 ,45.3 ,80-50 ,Hard Coated ,5.0 ,Fused Silica ,2.0 ±0.5 typical ,±0.1 ,Bandpass Filter ,4th Harmonic Nd:YAG Laser 
"270nm CWL, 12.5mm Dia., Hard Coated OD 4 10nm Bandpass Filter",35-873,$155,12.50 +0.0/-0.1,270 ,±2.0 ,10 ,±2.0 ,>60 ,200 - 650 ,?4.0 ,8.8 ,80-50 ,Hard Coated ,5.0 ,Fused Silica ,3.5 ±0.5 typical ,±0.1 ,Bandpass Filter ,Nucleic Acid Quantitation 
"270nm CWL, 25mm Dia., Hard Coated OD 4 10nm Bandpass Filter",35-880,$255,25.00 +0.0/-0.1,270 ,±2.0 ,10 ,±2.0 ,>60 ,200 - 650 ,?4.0 ,21.0 ,80-50 ,Hard Coated ,5.0 ,Fused Silica ,3.5 ±0.5 typical ,±0.1 ,Bandpass Filter ,Nucleic Acid Quantitation 
"270nm CWL, 50mm Dia., Hard Coated OD 4 10nm Bandpass Filter",35-887,$550,50.00 +0.0/-0.1,270 ,±2.0 ,10 ,±2.0 ,>60 ,200 - 650 ,?4.0 ,45.3 ,80-50 ,Hard Coated ,5.0 ,Fused Silica ,3.5 ±0.5 typical ,±0.1 ,Bandpass Filter ,Nucleic Acid Quantitation 
"280nm CWL, 12.5mm Dia., Hard Coated OD 4 10nm Bandpass Filter",35-874,$155,12.50 +0.0/-0.1,280 ,±2.0 ,10 ,±2.0 ,>60 ,200 - 650 ,?4.0 ,8.8 ,80-50 ,Hard Coated ,5.0 ,Fused Silica ,3.5 ±0.5 typical ,±0.1 ,Bandpass Filter ,Protein Absorption - Tyr & Trp 
"280nm CWL, 25mm Dia., Hard Coated OD 4 10nm Bandpass Filter",35-881,$255,25.00 +0.0/-0.1,280 ,±2.0 ,10 ,±2.0 ,>60 ,200 - 650 ,?4.0 ,21.0 ,80-50 ,Hard Coated ,5.0 ,Fused Silica ,3.5 ±0.5 typical ,±0.1 ,Bandpass Filter ,Protein Absorption - Tyr & Trp 
"280nm CWL, 50mm Dia., Hard Coated OD 4 10nm Bandpass Filter",35-888,$550,50.00 +0.0/-0.1,280 ,±2.0 ,10 ,±2.0 ,>60 ,200 - 650 ,?4.0 ,45.3 ,80-50 ,Hard Coated ,5.0 ,Fused Silica ,3.5 ±0.5 typical ,±0.1 ,Bandpass Filter ,Protein Absorption - Tyr & Trp 
"285nm CWL, 12.5mm Dia., Hard Coated OD 4 10nm Bandpass Filter",35-875,$155,12.50 +0.0/-0.1,285 ,±2.0 ,10 ,±2.0 ,>65 ,200 - 650 ,?4.0 ,8.8 ,80-50 ,Hard Coated ,5.0 ,Fused Silica ,3.5 ±0.5 typical ,±0.1 ,Bandpass Filter ,SO2 Absorption Band 
"285nm CWL, 25mm Dia., Hard Coated OD 4 10nm Bandpass Filter",35-882,$255,25.00 +0.0/-0.1,285 ,±2.0 ,10 ,±2.0 ,>65 ,200 - 650 ,?4.0 ,21.0 ,80-50 ,Hard Coated ,5.0 ,Fused Silica ,3.5 ±0.5 typical ,±0.1 ,Bandpass Filter ,SO2 Absorption Band 
"285nm CWL, 50mm Dia., Hard Coated OD 4 10nm Bandpass Filter",35-889,$550,50.00 +0.0/-0.1,285 ,±2.0 ,10 ,±2.0 ,>65 ,200 - 650 ,?4.0 ,45.3 ,80-50 ,Hard Coated ,5.0 ,Fused Silica ,3.5 ±0.5 typical ,±0.1 ,Bandpass Filter ,SO2 Absorption Band 
"290nm CWL, 12.5mm Dia., Hard Coated OD 4 10nm Bandpass Filter",35-876,$155,12.50 +0.0/-0.1,290 ,±2.0 ,10 ,±2.0 ,>70 ,200 - 700 ,?4.0 ,8.8 ,80-50 ,Hard Coated ,5.0 ,Fused Silica ,3.5 ±0.5 typical ,±0.1 ,Bandpass Filter ,Ethanal Peak 
"290nm CWL, 25mm Dia., Hard Coated OD 4 10nm Bandpass Filter",35-883,$255,25.00 +0.0/-0.1,290 ,±2.0 ,10 ,±2.0 ,>70 ,200 - 700 ,?4.0 ,21.0 ,80-50 ,Hard Coated ,5.0 ,Fused Silica ,3.5 ±0.5 typical ,±0.1 ,Bandpass Filter ,Ethanal Peak 
"290nm CWL, 50mm Dia., Hard Coated OD 4 10nm Bandpass Filter",35-890,$550,50.00 +0.0/-0.1,290 ,±2.0 ,10 ,±2.0 ,>70 ,200 - 700 ,?4.0 ,45.3 ,80-50 ,Hard Coated ,5.0 ,Fused Silica ,3.5 ±0.5 typical ,±0.1 ,Bandpass Filter ,Ethanal Peak 
"300nm CWL, 12.5mm Dia., Hard Coated OD 4 10nm Bandpass Filter",35-877,$155,12.50 +0.0/-0.1,300 ,±2.0 ,10 ,±2.0 ,>75 ,200 - 700 ,?4.0 ,8.8 ,80-50 ,Hard Coated ,5.0 ,Fused Silica ,3.5 ±0.5 typical ,±0.1 ,Bandpass Filter ,Protein Absorption - Tyr & Trp 
"300nm CWL, 25mm Dia., Hard Coated OD 4 10nm Bandpass Filter",35-884,$255,25.00 +0.0/-0.1,300 ,±2.0 ,10 ,±2.0 ,>75 ,200 - 700 ,?4.0 ,21.0 ,80-50 ,Hard Coated ,5.0 ,Fused Silica ,3.5 ±0.5 typical ,±0.1 ,Bandpass Filter ,Protein Absorption - Tyr & Trp 
"300nm CWL, 50mm Dia., Hard Coated OD 4 10nm Bandpass Filter",35-891,$550,50.00 +0.0/-0.1,300 ,±2.0 ,10 ,±2.0 ,>75 ,200 - 700 ,?4.0 ,45.3 ,80-50 ,Hard Coated ,5.0 ,Fused Silica ,3.5 ±0.5 typical ,±0.1 ,Bandpass Filter ,Protein Absorption - Tyr & Trp 
"310nm CWL, 12.5mm Dia., Hard Coated OD 4 10nm Bandpass Filter",34-972,$130,12.50 +0.0/-0.1,310 ,±2.0 ,10 ,±2.0 ,?70 ,200 - 1200 ,?4.0 ,8.8 ,80-50 ,Hard Coated ,5.0 ,Optical Glass ,3.5 ±0.5 typical ,±0.1 ,Bandpass Filter ,XeCl Excimer Laser (UV-B) 
"310nm CWL, 25mm Dia., Hard Coated OD 4 10nm Bandpass Filter",34-976,$205,25.00 +0.0/-0.1,310 ,±2.0 ,10 ,±2.0 ,?70 ,200 - 1200 ,?4.0 ,21.0 ,80-50 ,Hard Coated ,5.0 ,Optical Glass ,3.5 ±0.5 typical ,±0.1 ,Bandpass Filter ,XeCl Excimer Laser (UV-B) 
"310nm CWL, 50mm Dia., Hard Coated OD 4 10nm Bandpass Filter",34-980,$495,50.00 +0.0/-0.1,310 ,±2.0 ,10 ,±2.0 ,?70 ,200 - 1200 ,?4.0 ,45.3 ,80-50 ,Hard Coated ,5.0 ,Optical Glass ,3.5 ±0.5 typical ,±0.1 ,Bandpass Filter ,XeCl Excimer Laser (UV-B) 
"313nm CWL, 12.5mm Dia., Hard Coated OD 4 10nm Bandpass Filter",34-973,$130,12.50 +0.0/-0.1,313 ,±2.0 ,10 ,±2.0 ,?75 ,200 - 1200 ,?4.0 ,8.8 ,80-50 ,Hard Coated ,5.0 ,Optical Glass ,3.5 ±0.5 typical ,±0.1 ,Bandpass Filter ,Mercury Emission Line 
"313nm CWL, 25mm Dia., Hard Coated OD 4 10nm Bandpass Filter",34-977,$205,25.00 +0.0/-0.1,313 ,±2.0 ,10 ,±2.0 ,?75 ,200 - 1200 ,?4.0 ,21.0 ,80-50 ,Hard Coated ,5.0 ,Optical Glass ,3.5 ±0.5 typical ,±0.1 ,Bandpass Filter ,Mercury Emission Line 
"313nm CWL, 50mm Dia., Hard Coated OD 4 10nm Bandpass Filter",34-981,$495,50.00 +0.0/-0.1,313 ,±2.0 ,10 ,±2.0 ,?75 ,200 - 1200 ,?4.0 ,45.3 ,80-50 ,Hard Coated ,5.0 ,Optical Glass ,3.5 ±0.5 typical ,±0.1 ,Bandpass Filter ,Mercury Emission Line 
"320nm CWL, 12.5mm Dia., Hard Coated OD 4 10nm Bandpass Filter",34-974,$130,12.50 +0.0/-0.1,320 ,±2.0 ,10 ,±2.0 ,?75 ,200 - 1200 ,?4.0 ,8.8 ,80-50 ,Hard Coated ,5.0 ,Optical Glass ,3.5 ±0.5 typical ,±0.1 ,Bandpass Filter ,Brilliant Ultraviolet (BUV) Excitation 
"320nm CWL, 25mm Dia., Hard Coated OD 4 10nm Bandpass Filter",34-978,$205,25.00 +0.0/-0.1,320 ,±2.0 ,10 ,±2.0 ,?75 ,200 - 1200 ,?4.0 ,21.0 ,80-50 ,Hard Coated ,5.0 ,Optical Glass ,3.5 ±0.5 typical ,±0.1 ,Bandpass Filter ,Brilliant Ultraviolet (BUV) Excitation 
"320nm CWL, 50mm Dia., Hard Coated OD 4 10nm Bandpass Filter",34-982,$495,50.00 +0.0/-0.1,320 ,±2.0 ,10 ,±2.0 ,?75 ,200 - 1200 ,?4.0 ,45.3 ,80-50 ,Hard Coated ,5.0 ,Optical Glass ,3.5 ±0.5 typical ,±0.1 ,Bandpass Filter ,Brilliant Ultraviolet (BUV) Excitation 
"330nm CWL, 12.5mm Dia., Hard Coated OD 4 10nm Bandpass Filter",34-975,$130,12.50 +0.0/-0.1,330 ,±2.0 ,10 ,±2.0 ,?75 ,200 - 1200 ,?4.0 ,8.8 ,80-50 ,Hard Coated ,5.0 ,Optical Glass ,3.5 ±0.5 typical ,±0.1 ,Bandpass Filter ,FluoroGold Excitation 
"330nm CWL, 25mm Dia., Hard Coated OD 4 10nm Bandpass Filter",34-979,$205,25.00 +0.0/-0.1,330 ,±2.0 ,10 ,±2.0 ,?75 ,200 - 1200 ,?4.0 ,21.0 ,80-50 ,Hard Coated ,5.0 ,Optical Glass ,3.5 ±0.5 typical ,±0.1 ,Bandpass Filter ,FluoroGold Excitation 
"330nm CWL, 50mm Dia., Hard Coated OD 4 10nm Bandpass Filter",34-983,$495,50.00 +0.0/-0.1,330 ,±2.0 ,10 ,±2.0 ,?75 ,200 - 1200 ,?4.0 ,45.3 ,80-50 ,Hard Coated ,5.0 ,Optical Glass ,3.5 ±0.5 typical ,±0.1 ,Bandpass Filter ,FluoroGold Excitation 
"337nm CWL, 12.5mm Dia., Hard Coated OD 4 10nm Bandpass Filter",65-067,$130,12.50 +0.0/-0.1,337 ,±2.0 ,10 ,±2.0 ,?85  ,200 - 1200 ,?4.0 ,8.8 ,80-50 ,Hard Coated ,5.0 ,Optical Glass ,3.5 ±0.5 typical ,±0.1 ,Bandpass Filter ,"N-(1-Pyrenyl)Maleimide, 1-Pyrenebutanoic Absorption "
"337nm CWL, 25mm Dia., Hard Coated OD 4 10nm Bandpass Filter",65-128,$205,25.00 +0.0/-0.1,337 ,±2.0 ,10 ,±2.0 ,?85  ,200 - 1200 ,?4.0 ,21.0 ,80-50 ,Hard Coated ,5.0 ,Optical Glass ,3.5 ±0.5 typical ,±0.1 ,Bandpass Filter ,"N-(1-Pyrenyl)Maleimide, 1-Pyrenebutanoic Absorption "
"337nm CWL, 50mm Dia., Hard Coated OD 4 10nm Bandpass Filter",65-189,$495,50.00 +0.0/-0.1,337 ,±2.0 ,10 ,±2.0 ,?85  ,200 - 1200 ,?4.0 ,45.3 ,80-50 ,Hard Coated ,5.0 ,Optical Glass ,3.5 ±0.5 typical ,±0.1 ,Bandpass Filter ,"N-(1-Pyrenyl)Maleimide, 1-Pyrenebutanoic Absorption "
"340nm CWL, 12.5mm Dia., Hard Coated OD 4 10nm Bandpass Filter",65-068,$130,12.50 +0.0/-0.1,340 ,±2.0 ,10 ,±2.0 ,?85  ,200 - 1200 ,?4.0 ,8.8 ,80-50 ,Hard Coated ,5.0 ,Optical Glass ,3.5 ±0.5 typical ,±0.1 ,Bandpass Filter ,"N-(1-Pyrenyl)Maleimide, 1-Pyrenebutanoic Absorption "
"340nm CWL, 25mm Dia., Hard Coated OD 4 10nm Bandpass Filter",65-129,$205,25.00 +0.0/-0.1,340 ,±2.0 ,10 ,±2.0 ,?85  ,200 - 1200 ,?4.0 ,21.0 ,80-50 ,Hard Coated ,5.0 ,Optical Glass ,3.5 ±0.5 typical ,±0.1 ,Bandpass Filter ,"N-(1-Pyrenyl)Maleimide, 1-Pyrenebutanoic Absorption "
"340nm CWL, 50mm Dia., Hard Coated OD 4 10nm Bandpass Filter",65-190,$495,50.00 +0.0/-0.1,340 ,±2.0 ,10 ,±2.0 ,?85  ,200 - 1200 ,?4.0 ,45.3 ,80-50 ,Hard Coated ,5.0 ,Optical Glass ,3.5 ±0.5 typical ,±0.1 ,Bandpass Filter ,"N-(1-Pyrenyl)Maleimide, 1-Pyrenebutanoic Absorption "
"343nm CWL, 12.5mm Dia., Hard Coated OD 4 10nm Bandpass Filter",39-307,$130,12.50 +0.0/-0.1,343 ,±2.0 ,10 ,±2.0 ,?85 ,200 - 1200 ,?4.0 ,8.8 ,80-50 ,Hard Coated ,5.0 ,Optical Glass ,3.5 ±0.5 typical ,±0.1 ,Bandpass Filter ,3rd Harmonic Nd:YLF Laser 
"343nm CWL, 25mm Dia., Hard Coated OD 4 10nm Bandpass Filter",39-314,$205,25.00 +0.0/-0.1,343 ,±2.0 ,10 ,±2.0 ,?85 ,200 - 1200 ,?4.0 ,21.0 ,80-50 ,Hard Coated ,5.0 ,Optical Glass ,3.5 ±0.5 typical ,±0.1 ,Bandpass Filter ,3rd Harmonic Nd:YLF Laser 
"343nm CWL, 50mm Dia., Hard Coated OD 4 10nm Bandpass Filter",39-321,$495,50.00 +0.0/-0.1,343 ,±2.0 ,10 ,±2.0 ,?85 ,200 - 1200 ,?4.0 ,45.3 ,80-50 ,Hard Coated ,5.0 ,Optical Glass ,3.5 ±0.5 typical ,±0.1 ,Bandpass Filter ,3rd Harmonic Nd:YLF Laser 
"350nm CWL, 12.5mm Dia., Hard Coated OD 4 10nm Bandpass Filter",39-183,$130,12.50 +0.0/-0.1,350 ,±2.0 ,10 ,±2.0 ,>50 ,200 - 650 ,?4.0 ,8.8 ,80-50 ,Hard Coated ,5.0 ,Fused Silica ,3.5 ±0.5 typical ,±0.1 ,Bandpass Filter ,
"350nm CWL, 25mm Dia., Hard Coated OD 4 10nm Bandpass Filter",39-184,$205,25.00 +0.0/-0.1,350 ,±2.0 ,10 ,±2.0 ,>50 ,200 - 650 ,?4.0 ,21.0 ,80-50 ,Hard Coated ,5.0 ,Fused Silica ,3.5 ±0.5 typical ,±0.1 ,Bandpass Filter ,
"350nm CWL, 50mm Dia., Hard Coated OD 4 10nm Bandpass Filter",39-185,$495,50.00 +0.0/-0.1,350 ,±2.0 ,10 ,±2.0 ,>50 ,200 - 650 ,?4.0 ,45.3 ,80-50 ,Hard Coated ,5.0 ,Fused Silica ,3.5 ±0.5 typical ,±0.1 ,Bandpass Filter ,
"355nm CWL, 12.5mm Dia., Hard Coated OD 4 10nm Bandpass Filter",34-490,$130,12.50 +0.0/-0.1,355 ,±2.0 ,10 ,±2.0 ,?85 ,200 - 1200 ,?4.0 ,8.8 ,80-50 ,Hard Coated ,5.0 ,Optical Glass ,3.5 ±0.5 typical ,±0.1 ,Bandpass Filter ,
"355nm CWL, 25mm Dia., Hard Coated OD 4 10nm Bandpass Filter",34-491,$205,25.00 +0.0/-0.1,355 ,±2.0 ,10 ,±2.0 ,?85 ,200 - 1200 ,?4.0 ,21.0 ,80-50 ,Hard Coated ,5.0 ,Optical Glass ,3.5 ±0.5 typical ,±0.1 ,Bandpass Filter ,
"355nm CWL, 50mm Dia., Hard Coated OD 4 10nm Bandpass Filter",34-492,$495,50.00 +0.0/-0.1,355 ,±2.0 ,10 ,±2.0 ,?85 ,200 - 1200 ,?4.0 ,45.3 ,80-50 ,Hard Coated ,5.0 ,Optical Glass ,3.5 ±0.5 typical ,±0.1 ,Bandpass Filter ,
"365nm CWL, 12.5mm Dia., Hard Coated OD 4 10nm Bandpass Filter",65-069,$130,12.50 +0.0/-0.1,365 ,±2.0 ,10 ,±2.0 ,?85 ,200 - 1200 ,?4.0 ,8.8 ,80-50 ,Hard Coated ,5.0 ,Optical Glass ,3.5 ±0.5 typical ,±0.1 ,Bandpass Filter ,"4-Amino-5-Methylamino-2',7'-DiFluororescein, Europium Chelate, FC02F, Fluoro-Gold "
"365nm CWL, 25mm Dia., Hard Coated OD 4 10nm Bandpass Filter",65-130,$205,25.00 +0.0/-0.1,365 ,±2.0 ,10 ,±2.0 ,?85 ,200 - 1200 ,?4.0 ,21.0 ,80-50 ,Hard Coated ,5.0 ,Optical Glass ,3.5 ±0.5 typical ,±0.1 ,Bandpass Filter ,"4-Amino-5-Methylamino-2',7'-DiFluororescein, Europium Chelate, FC02F, Fluoro-Gold "
"365nm CWL, 50mm Dia., Hard Coated OD 4 10nm Bandpass Filter",65-191,$495,50.00 +0.0/-0.1,365 ,±2.0 ,10 ,±2.0 ,?85 ,200 - 1200 ,?4.0 ,45.3 ,80-50 ,Hard Coated ,5.0 ,Optical Glass ,3.5 ±0.5 typical ,±0.1 ,Bandpass Filter ,"4-Amino-5-Methylamino-2',7'-DiFluororescein, Europium Chelate, FC02F, Fluoro-Gold "
"375nm CWL, 12.5mm Dia., Hard Coated OD 4 10nm Bandpass Filter",86-732,$130,12.50 +0.0/-0.1,375 ,±2.0 ,10 ,±2.0 ,?85 ,200 - 1200 ,?4.0 ,8.8 ,80-50 ,Hard Coated ,5.0 ,Optical Glass ,3.5 ±0.5 typical ,±0.1 ,Bandpass Filter ,True Blue Chloride 
"375nm CWL, 25mm Dia., Hard Coated OD 4 10nm Bandpass Filter",86-736,$205,25.00 +0.0/-0.1,375 ,±2.0 ,10 ,±2.0 ,?85 ,200 - 1200 ,?4.0 ,21.0 ,80-50 ,Hard Coated ,5.0 ,Optical Glass ,3.5 ±0.5 typical ,±0.1 ,Bandpass Filter ,True Blue Chloride 
"375nm CWL, 50mm Dia., Hard Coated OD 4 10nm Bandpass Filter",86-740,$495,50.00 +0.0/-0.1,375 ,±2.0 ,10 ,±2.0 ,?85 ,200 - 1200 ,?4.0 ,45.3 ,80-50 ,Hard Coated ,5.0 ,Optical Glass ,3.5 ±0.5 typical ,±0.1 ,Bandpass Filter ,True Blue Chloride 
"394nm CWL, 12.5mm Dia., Hard Coated OD 4 10nm Bandpass Filter",65-070,$130,12.50 +0.0/-0.1,394 ,±2.0 ,10 ,±2.0 ,?85 ,200 - 1200 ,?4.0 ,8.8 ,80-50 ,Hard Coated ,5.0 ,Optical Glass ,3.5 ±0.5 typical ,±0.1 ,Bandpass Filter ,mBBr+GSH Absorption 
"394nm CWL, 25mm Dia., Hard Coated OD 4 10nm Bandpass Filter",65-131,$205,25.00 +0.0/-0.1,394 ,±2.0 ,10 ,±2.0 ,?85 ,200 - 1200 ,?4.0 ,21.0 ,80-50 ,Hard Coated ,5.0 ,Optical Glass ,3.5 ±0.5 typical ,±0.1 ,Bandpass Filter ,mBBr+GSH Absorption 
"394nm CWL, 50mm Dia., Hard Coated OD 4 10nm Bandpass Filter",65-192,$495,50.00 +0.0/-0.1,394 ,±2.0 ,10 ,±2.0 ,?85 ,200 - 1200 ,?4.0 ,45.3 ,80-50 ,Hard Coated ,5.0 ,Optical Glass ,3.5 ±0.5 typical ,±0.1 ,Bandpass Filter ,mBBr+GSH Absorption 
"400nm CWL, 12.5mm Dia., Hard Coated OD 4 10nm Bandpass Filter",65-071,$130,12.50 +0.0/-0.1,400 ,±2.0 ,10 ,±2.0 ,?85 ,200 - 1200 ,?4.0 ,8.8 ,80-50 ,Hard Coated ,5.0 ,Optical Glass ,3.5 ±0.5 typical ,±0.1 ,Bandpass Filter ,"7-Dimethylamino-4-Methylcoumarin-3-Isothiocyanate, CellTrace calcein violet, Pacific Blue, Pacific Orange "
"400nm CWL, 25mm Dia., Hard Coated OD 4 10nm Bandpass Filter",65-132,$205,25.00 +0.0/-0.1,400 ,±2.0 ,10 ,±2.0 ,?85 ,200 - 1200 ,?4.0 ,21.0 ,80-50 ,Hard Coated ,5.0 ,Optical Glass ,3.5 ±0.5 typical ,±0.1 ,Bandpass Filter ,"7-Dimethylamino-4-Methylcoumarin-3-Isothiocyanate, CellTrace calcein violet, Pacific Blue, Pacific Orange "
"400nm CWL, 50mm Dia., Hard Coated OD 4 10nm Bandpass Filter",65-193,$495,50.00 +0.0/-0.1,400 ,±2.0 ,10 ,±2.0 ,?85 ,200 - 1200 ,?4.0 ,45.3 ,80-50 ,Hard Coated ,5.0 ,Optical Glass ,3.5 ±0.5 typical ,±0.1 ,Bandpass Filter ,"7-Dimethylamino-4-Methylcoumarin-3-Isothiocyanate, CellTrace calcein violet, Pacific Blue, Pacific Orange "
"405nm CWL, 12.5mm Dia., Hard Coated OD 4 10nm Bandpass Filter",65-072,$130,12.50 +0.0/-0.1,405 ,±2.0 ,10 ,±2.0 ,?85 ,200 - 1200 ,?4.0 ,8.8 ,80-50 ,Hard Coated ,5.0 ,Optical Glass ,3.5 ±0.5 typical ,±0.1 ,Bandpass Filter ,"Brilliant Violet 510, SpectrumBlue "
"405nm CWL, 25mm Dia., Hard Coated OD 4 10nm Bandpass Filter",65-133,$205,25.00 +0.0/-0.1,405 ,±2.0 ,10 ,±2.0 ,?85 ,200 - 1200 ,?4.0 ,21.0 ,80-50 ,Hard Coated ,5.0 ,Optical Glass ,3.5 ±0.5 typical ,±0.1 ,Bandpass Filter ,"Brilliant Violet 510, SpectrumBlue "
"405nm CWL, 50mm Dia., Hard Coated OD 4 10nm Bandpass Filter",65-194,$495,50.00 +0.0/-0.1,405 ,±2.0 ,10 ,±2.0 ,?85 ,200 - 1200 ,?4.0 ,45.3 ,80-50 ,Hard Coated ,5.0 ,Optical Glass ,3.5 ±0.5 typical ,±0.1 ,Bandpass Filter ,"Brilliant Violet 510, SpectrumBlue "
"413nm CWL, 12.5mm Dia., Hard Coated OD 4 10nm Bandpass Filter",34-493,$130,12.50 +0.0/-0.1,413 ,±2.0 ,10 ,±2.0 ,?85 ,200 - 1200 ,?4.0 ,8.8 ,80-50 ,Hard Coated ,5.0 ,Optical Glass ,3.5 ±0.5 typical ,±0.1 ,Bandpass Filter ,
"413nm CWL, 25mm Dia., Hard Coated OD 4 10nm Bandpass Filter",34-494,$205,25.00 +0.0/-0.1,413 ,±2.0 ,10 ,±2.0 ,?85 ,200 - 1200 ,?4.0 ,21.0 ,80-50 ,Hard Coated ,5.0 ,Optical Glass ,3.5 ±0.5 typical ,±0.1 ,Bandpass Filter ,
"413nm CWL, 50mm Dia., Hard Coated OD 4 10nm Bandpass Filter",34-495,$495,50.00 +0.0/-0.1,413 ,±2.0 ,10 ,±2.0 ,?85 ,200 - 1200 ,?4.0 ,45.3 ,80-50 ,Hard Coated ,5.0 ,Optical Glass ,3.5 ±0.5 typical ,±0.1 ,Bandpass Filter ,
"420nm CWL, 12.5mm Dia., Hard Coated OD 4 10nm Bandpass Filter",65-075,$130,12.50 +0.0/-0.1,420 ,±2.0 ,10 ,±2.0 ,?85 ,200 - 1200 ,?4.0 ,8.8 ,80-50 ,Hard Coated ,5.0 ,Optical Glass ,3.5 ±0.5 typical ,±0.1 ,Bandpass Filter ,"Glacial Blue, Plum Purple, 7-Diethylaminocoumarin-3-Carboxylic Acid Hydrazide "
"420nm CWL, 25mm Dia., Hard Coated OD 4 10nm Bandpass Filter",65-136,$205,25.00 +0.0/-0.1,420 ,±2.0 ,10 ,±2.0 ,?85 ,200 - 1200 ,?4.0 ,21.0 ,80-50 ,Hard Coated ,5.0 ,Optical Glass ,3.5 ±0.5 typical ,±0.1 ,Bandpass Filter ,"Glacial Blue, Plum Purple, 7-Diethylaminocoumarin-3-Carboxylic Acid Hydrazide "
"420nm CWL, 50mm Dia., Hard Coated OD 4 10nm Bandpass Filter",65-197,$495,50.00 +0.0/-0.1,420 ,±2.0 ,10 ,±2.0 ,?85 ,200 - 1200 ,?4.0 ,45.3 ,80-50 ,Hard Coated ,5.0 ,Optical Glass ,3.5 ±0.5 typical ,±0.1 ,Bandpass Filter ,"Glacial Blue, Plum Purple, 7-Diethylaminocoumarin-3-Carboxylic Acid Hydrazide "
"422nm CWL, 12.5mm Dia., Hard Coated OD 4 10nm Bandpass Filter",34-496,$130,12.50 +0.0/-0.1,422 ,±2.0 ,10 ,±2.0 ,?85 ,200 - 1200 ,?4.0 ,8.8 ,80-50 ,Hard Coated ,5.0 ,Optical Glass ,3.5 ±0.5 typical ,±0.1 ,Bandpass Filter ,
"422nm CWL, 25mm Dia., Hard Coated OD 4 10nm Bandpass Filter",34-497,$205,25.00 +0.0/-0.1,422 ,±2.0 ,10 ,±2.0 ,?85 ,200 - 1200 ,?4.0 ,21.0 ,80-50 ,Hard Coated ,5.0 ,Optical Glass ,3.5 ±0.5 typical ,±0.1 ,Bandpass Filter ,
"422nm CWL, 50mm Dia., Hard Coated OD 4 10nm Bandpass Filter",34-498,$495,50.00 +0.0/-0.1,422 ,±2.0 ,10 ,±2.0 ,?85 ,200 - 1200 ,?4.0 ,45.3 ,80-50 ,Hard Coated ,5.0 ,Optical Glass ,3.5 ±0.5 typical ,±0.1 ,Bandpass Filter ,
"430nm CWL, 12.5mm Dia., Hard Coated OD 4 10nm Bandpass Filter",65-076,$130,12.50 +0.0/-0.1,430 ,±2.0 ,10 ,±2.0 ,?85  ,200 - 1200 ,?4.0 ,8.8 ,80-50 ,Hard Coated ,5.0 ,Optical Glass ,3.5 ±0.5 typical ,±0.1 ,Bandpass Filter ,"Alexa Fluor® 430 Carboxylic Succinimidyl Ester, Aqua 431 "
"430nm CWL, 25mm Dia., Hard Coated OD 4 10nm Bandpass Filter ",65-137,$205,25.00 +0.0/-0.1,430 ,±2.0 ,10 ,±2.0 ,?85  ,200 - 1200 ,?4.0 ,21.0 ,80-50 ,Hard Coated ,5.0 ,Optical Glass ,3.5 ±0.5 typical ,±0.1 ,Bandpass Filter ,"Alexa Fluor® 430 Carboxylic Succinimidyl Ester, Aqua 432 "
"430nm CWL, 50mm Dia., Hard Coated OD 4 10nm Bandpass Filter",65-198,$495,50.00 +0.0/-0.1,430 ,±2.0 ,10 ,±2.0 ,?85  ,200 - 1200 ,?4.0 ,45.3 ,80-50 ,Hard Coated ,5.0 ,Optical Glass ,3.5 ±0.5 typical ,±0.1 ,Bandpass Filter ,"Alexa Fluor® 430 Carboxylic Succinimidyl Ester, Aqua 433 "
"436nm CWL, 12.5mm Dia., Hard Coated OD 4 10nm Bandpass Filter ",65-077,$130,12.50 +0.0/-0.1,436 ,±2.0 ,10 ,±2.0 ,?85 ,200 - 1200 ,?4.0 ,8.8 ,80-50 ,Hard Coated ,5.0 ,Optical Glass ,3.5 ±0.5 typical ,±0.1 ,Bandpass Filter ,"7-Diethylaminocoumarin-3-Carbonyl Azide, ATTO 425 "
"436nm CWL, 25mm Dia., Hard Coated OD 4 10nm Bandpass Filter",65-138,$205,25.00 +0.0/-0.1,436 ,±2.0 ,10 ,±2.0 ,?85 ,200 - 1200 ,?4.0 ,21.0 ,80-50 ,Hard Coated ,5.0 ,Optical Glass ,3.5 ±0.5 typical ,±0.1 ,Bandpass Filter ,"7-Diethylaminocoumarin-3-Carbonyl Azide, ATTO 425 "
"436nm CWL, 50mm Dia., Hard Coated OD 4 10nm Bandpass Filter",65-199,$495,50.00 +0.0/-0.1,436 ,±2.0 ,10 ,±2.0 ,?85 ,200 - 1200 ,?4.0 ,45.3 ,80-50 ,Hard Coated ,5.0 ,Optical Glass ,3.5 ±0.5 typical ,±0.1 ,Bandpass Filter ,"7-Diethylaminocoumarin-3-Carbonyl Azide, ATTO 425 "
"440nm CWL, 12.5mm Dia., Hard Coated OD 4 10nm Bandpass Filter",88-567,$130,12.50 +0.0/-0.1,440 ,±2.0 ,10 ,±2.0 ,>85 ,200 - 1200 ,?4.0 ,8.8 ,80-50 ,Hard Coated ,5.0 ,Optical Glass ,3.5 ±0.5 typical ,±0.1 ,Bandpass Filter ,"BV480 - BD Horizon Brilliant Violet 480, BFP "
"440nm CWL, 25mm Dia., Hard Coated OD 4 10nm Bandpass Filter",88-570,$205,25.00 +0.0/-0.1,440 ,±2.0 ,10 ,±2.0 ,>85 ,200 - 1200 ,?4.0 ,21.0 ,80-50 ,Hard Coated ,5.0 ,Optical Glass ,3.5 ±0.5 typical ,±0.1 ,Bandpass Filter ,"BV480 - BD Horizon Brilliant Violet 480, BFP "
"440nm CWL, 50mm Dia., Hard Coated OD 4 10nm Bandpass Filter",88-573,$495,50.00 +0.0/-0.1,440 ,±2.0 ,10 ,±2.0 ,>85 ,200 - 1200 ,?4.0 ,45.3 ,80-50 ,Hard Coated ,5.0 ,Optical Glass ,3.5 ±0.5 typical ,±0.1 ,Bandpass Filter ,"BV480 - BD Horizon Brilliant Violet 480, BFP "
"442nm CWL, 12.5mm Dia., Hard Coated OD 4 10nm Bandpass Filter",65-078,$130,12.50 +0.0/-0.1,442 ,±2.0 ,10 ,±2.0 ,?85 ,200 - 1200 ,?4.0 ,8.8 ,80-50 ,Hard Coated ,5.0 ,Optical Glass ,3.5 ±0.5 typical ,±0.1 ,Bandpass Filter ,"7-Diethylaminocoumarin-3-Carboxylic Acid Succinimidyl, Lysosensor Green DND 153 "
"442nm CWL, 25mm Dia., Hard Coated OD 4 10nm Bandpass Filter",65-139,$205,25.00 +0.0/-0.1,442 ,±2.0 ,10 ,±2.0 ,?85 ,200 - 1200 ,?4.0 ,21.0 ,80-50 ,Hard Coated ,5.0 ,Optical Glass ,3.5 ±0.5 typical ,±0.1 ,Bandpass Filter ,"7-Diethylaminocoumarin-3-Carboxylic Acid Succinimidyl, Lysosensor Green DND 154 "
"442nm CWL, 50mm Dia., Hard Coated OD 4 10nm Bandpass Filter",65-200,$495,50.00 +0.0/-0.1,442 ,±2.0 ,10 ,±2.0 ,?85 ,200 - 1200 ,?4.0 ,45.3 ,80-50 ,Hard Coated ,5.0 ,Optical Glass ,3.5 ±0.5 typical ,±0.1 ,Bandpass Filter ,"7-Diethylaminocoumarin-3-Carboxylic Acid Succinimidyl, Lysosensor Green DND 155 "
"445nm CWL, 12.5mm Dia., Hard Coated OD 4 10nm Bandpass Filter",34-499,$130,12.50 +0.0/-0.1,445 ,±2.0 ,10 ,±2.0 ,?85 ,200 - 1200 ,?4.0 ,8.8 ,80-50 ,Hard Coated ,5.0 ,Optical Glass ,3.5 ±0.5 typical ,±0.1 ,Bandpass Filter ,
"445nm CWL, 25mm Dia., Hard Coated OD 4 10nm Bandpass Filter",34-500,$205,25.00 +0.0/-0.1,445 ,±2.0 ,10 ,±2.0 ,?85 ,200 - 1200 ,?4.0 ,21.0 ,80-50 ,Hard Coated ,5.0 ,Optical Glass ,3.5 ±0.5 typical ,±0.1 ,Bandpass Filter ,
"445nm CWL, 50mm Dia., Hard Coated OD 4 10nm Bandpass Filter",34-501,$495,50.00 +0.0/-0.1,445 ,±2.0 ,10 ,±2.0 ,?85 ,200 - 1200 ,?4.0 ,45.3 ,80-50 ,Hard Coated ,5.0 ,Optical Glass ,3.5 ±0.5 typical ,±0.1 ,Bandpass Filter ,
"450nm CWL, 12.5mm Dia., Hard Coated OD 4 10nm Bandpass Filter",65-079,$130,12.50 +0.0/-0.1,450 ,±2.0 ,10 ,±2.0 ,?85 ,200 - 1200 ,?4.0 ,8.8 ,80-50 ,Hard Coated ,5.0 ,Optical Glass ,3.5 ±0.5 typical ,±0.1 ,Bandpass Filter ,Starlight Glacial Blue 
"450nm CWL, 25mm Dia., Hard Coated OD 4 10nm Bandpass Filter",65-140,$205,25.00 +0.0/-0.1,450 ,±2.0 ,10 ,±2.0 ,?85 ,200 - 1200 ,?4.0 ,21.0 ,80-50 ,Hard Coated ,5.0 ,Optical Glass ,3.5 ±0.5 typical ,±0.1 ,Bandpass Filter ,Starlight Glacial Blue 
"450nm CWL, 50mm Dia., Hard Coated OD 4 10nm Bandpass Filter",65-201,$495,50.00 +0.0/-0.1,450 ,±2.0 ,10 ,±2.0 ,?85 ,200 - 1200 ,?4.0 ,45.3 ,80-50 ,Hard Coated ,5.0 ,Optical Glass ,3.5 ±0.5 typical ,±0.1 ,Bandpass Filter ,Starlight Glacial Blue 
"455nm CWL, 12.5mm Dia., Hard Coated OD 4 10nm Bandpass Filter",65-080,$130,12.50 +0.0/-0.1,455 ,±2.0 ,10 ,±2.0 ,?85 ,200 - 1200 ,?4.0 ,8.8 ,80-50 ,Hard Coated ,5.0 ,Optical Glass ,3.5 ±0.5 typical ,±0.1 ,Bandpass Filter ,"Po-Pro 1, 7-Hydroxy-4-MethylCoumarin-3-Acetic Acid "
"455nm CWL, 25mm Dia., Hard Coated OD 4 10nm Bandpass Filter",65-141,$205,25.00 +0.0/-0.1,455 ,±2.0 ,10 ,±2.0 ,?85 ,200 - 1200 ,?4.0 ,21.0 ,80-50 ,Hard Coated ,5.0 ,Optical Glass ,3.5 ±0.5 typical ,±0.1 ,Bandpass Filter ,"Po-Pro 1, 7-Hydroxy-4-MethylCoumarin-3-Acetic Acid "
"455nm CWL, 50mm Dia., Hard Coated OD 4 10nm Bandpass Filter",65-202,$495,50.00 +0.0/-0.1,455 ,±2.0 ,10 ,±2.0 ,?85 ,200 - 1200 ,?4.0 ,45.3 ,80-50 ,Hard Coated ,5.0 ,Optical Glass ,3.5 ±0.5 typical ,±0.1 ,Bandpass Filter ,"Po-Pro 1, 7-Hydroxy-4-MethylCoumarin-3-Acetic Acid "
"458nm CWL, 12.5mm Dia., Hard Coated OD 4 10nm Bandpass Filter",65-081,$130,12.50 +0.0/-0.1,458 ,±2.0 ,10 ,±2.0 ,?85  ,200 - 1200 ,?4.0 ,8.8 ,80-50 ,Hard Coated ,5.0 ,Optical Glass ,3.5 ±0.5 typical ,±0.1 ,Bandpass Filter ,"AmCyan1, TagCFP "
"458nm CWL, 25mm Dia., Hard Coated OD 4 10nm Bandpass Filter",65-142,$205,25.00 +0.0/-0.1,458 ,±2.0 ,10 ,±2.0 ,?85  ,200 - 1200 ,?4.0 ,21.0 ,80-50 ,Hard Coated ,5.0 ,Optical Glass ,3.5 ±0.5 typical ,±0.1 ,Bandpass Filter ,"AmCyan1, TagCFP "
"458nm CWL, 50mm Dia., Hard Coated OD 4 10nm Bandpass Filter",65-203,$495,50.00 +0.0/-0.1,458 ,±2.0 ,10 ,±2.0 ,?85  ,200 - 1200 ,?4.0 ,45.3 ,80-50 ,Hard Coated ,5.0 ,Optical Glass ,3.5 ±0.5 typical ,±0.1 ,Bandpass Filter ,"AmCyan1, TagCFP "
"460nm CWL, 12.5mm Dia., Hard Coated OD 4 10nm Bandpass Filter",87-886,$130,12.50 +0.0/-0.1,460 ,±2.0 ,10 ,±2.0 ,>85 ,200 - 1200 ,?4.0 ,8.8 ,80-50 ,Hard Coated ,5.0 ,Optical Glass ,3.5 ±0.5 typical ,±0.1 ,Bandpass Filter ,"Styryl Absorption, Heterocycle/Benzimidazole Emission "
"460nm CWL, 25mm Dia., Hard Coated OD 4 10nm Bandpass Filter",88-010,$205,25.00 +0.0/-0.1,460 ,±2.0 ,10 ,±2.0 ,>85 ,200 - 1200 ,?4.0 ,21.0 ,80-50 ,Hard Coated ,5.0 ,Optical Glass ,3.5 ±0.5 typical ,±0.1 ,Bandpass Filter ,"Styryl Absorption, Heterocycle/Benzimidazole Emission "
"460nm CWL, 50mm Dia., Hard Coated OD 4 10nm Bandpass Filter",88-016,$495,50.00 +0.0/-0.1,460 ,±2.0 ,10 ,±2.0 ,>85 ,200 - 1200 ,?4.0 ,45.3 ,80-50 ,Hard Coated ,5.0 ,Optical Glass ,3.5 ±0.5 typical ,±0.1 ,Bandpass Filter ,"Styryl Absorption, Heterocycle/Benzimidazole Emission "
"467nm CWL, 12.5mm Dia., Hard Coated OD 4 10nm Bandpass Filter",39-308,$130,12.50 +0.0/-0.1,467 ,±2.0 ,10 ,±2.0 ,?85 ,200 - 1200 ,?4.0 ,8.8 ,80-50 ,Hard Coated ,5.0 ,Optical Glass ,3.5 ±0.5 typical ,±0.1 ,Bandpass Filter ,Xe Emission 
"467nm CWL, 25mm Dia., Hard Coated OD 4 10nm Bandpass Filter",39-315,$205,25.00 +0.0/-0.1,467 ,±2.0 ,10 ,±2.0 ,?85 ,200 - 1200 ,?4.0 ,21.0 ,80-50 ,Hard Coated ,5.0 ,Optical Glass ,3.5 ±0.5 typical ,±0.1 ,Bandpass Filter ,Xe Emission 
"467nm CWL, 50mm Dia., Hard Coated OD 4 10nm Bandpass Filter",39-322,$495,50.00 +0.0/-0.1,467 ,±2.0 ,10 ,±2.0 ,?85 ,200 - 1200 ,?4.0 ,45.3 ,80-50 ,Hard Coated ,5.0 ,Optical Glass ,3.5 ±0.5 typical ,±0.1 ,Bandpass Filter ,Xe Emission 
"470nm CWL, 12.5mm Dia., Hard Coated OD 4 10nm Bandpass Filter",65-083,$130,12.50 +0.0/-0.1,470 ,±2.0 ,10 ,±2.0 ,?85 ,200 - 1200 ,?4.0 ,8.8 ,80-50 ,Hard Coated ,5.0 ,Optical Glass ,3.5 ±0.5 typical ,±0.1 ,Bandpass Filter ,Acridine Yellow 
"470nm CWL, 25mm Dia., Hard Coated OD 4 10nm Bandpass Filter",65-144,$205,25.00 +0.0/-0.1,470 ,±2.0 ,10 ,±2.0 ,?85 ,200 - 1200 ,?4.0 ,21.0 ,80-50 ,Hard Coated ,5.0 ,Optical Glass ,3.5 ±0.5 typical ,±0.1 ,Bandpass Filter ,Acridine Yellow 
"470nm CWL, 50mm Dia., Hard Coated OD 4 10nm Bandpass Filter",65-205,$495,50.00 +0.0/-0.1,470 ,±2.0 ,10 ,±2.0 ,?85 ,200 - 1200 ,?4.0 ,45.3 ,80-50 ,Hard Coated ,5.0 ,Optical Glass ,3.5 ±0.5 typical ,±0.1 ,Bandpass Filter ,Acridine Yellow 
"473nm CWL, 12.5mm Dia., Hard Coated OD 4 10nm Bandpass Filter",34-502,$130,12.50 +0.0/-0.1,473 ,±2.0 ,10 ,±2.0 ,?85 ,200 - 1200 ,?4.0 ,8.8 ,80-50 ,Hard Coated ,5.0 ,Optical Glass ,3.5 ±0.5 typical ,±0.1 ,Bandpass Filter ,
"473nm CWL, 25mm Dia., Hard Coated OD 4 10nm Bandpass Filter",34-503,$205,25.00 +0.0/-0.1,473 ,±2.0 ,10 ,±2.0 ,?85 ,200 - 1200 ,?4.0 ,21.0 ,80-50 ,Hard Coated ,5.0 ,Optical Glass ,3.5 ±0.5 typical ,±0.1 ,Bandpass Filter ,
"473nm CWL, 50mm Dia., Hard Coated OD 4 10nm Bandpass Filter",34-504,$495,50.00 +0.0/-0.1,473 ,±2.0 ,10 ,±2.0 ,?85 ,200 - 1200 ,?4.0 ,45.3 ,80-50 ,Hard Coated ,5.0 ,Optical Glass ,3.5 ±0.5 typical ,±0.1 ,Bandpass Filter ,
"480nm CWL, 12.5mm Dia., Hard Coated OD 4 10nm Bandpass Filter",65-084,$130,12.50 +0.0/-0.1,480 ,±2.0 ,10 ,±2.0 ,?85  ,200 - 1200 ,?4.0 ,8.8 ,80-50 ,Hard Coated ,5.0 ,Optical Glass ,3.5 ±0.5 typical ,±0.1 ,Bandpass Filter ,"TagCFP, ChlorophyllA, Dragon Green, Oregon Green 488 Carboxylic Acid Succinimidyl Ester, StarLight Dragon Green "
"480nm CWL, 25mm Dia., Hard Coated OD 4 10nm Bandpass Filter",65-145,$205,25.00 +0.0/-0.1,480 ,±2.0 ,10 ,±2.0 ,?85  ,200 - 1200 ,?4.0 ,21.0 ,80-50 ,Hard Coated ,5.0 ,Optical Glass ,3.5 ±0.5 typical ,±0.1 ,Bandpass Filter ,"TagCFP, ChlorophyllA, Dragon Green, Oregon Green 488 Carboxylic Acid Succinimidyl Ester, StarLight Dragon Green "
"480nm CWL, 50mm Dia., Hard Coated OD 4 10nm Bandpass Filter",65-206,$495,50.00 +0.0/-0.1,480 ,±2.0 ,10 ,±2.0 ,?85  ,200 - 1200 ,?4.0 ,45.3 ,80-50 ,Hard Coated ,5.0 ,Optical Glass ,3.5 ±0.5 typical ,±0.1 ,Bandpass Filter ,"TagCFP, ChlorophyllA, Dragon Green, Oregon Green 488 Carboxylic Acid Succinimidyl Ester, StarLight Dragon Green "
"486nm CWL, 12.5mm Dia., Hard Coated OD 4 10nm Bandpass Filter",65-085,$130,12.50 +0.0/-0.1,486 ,±2.0 ,10 ,±2.0 ,?85  ,200 - 1200 ,?4.0 ,8.8 ,80-50 ,Hard Coated ,5.0 ,Optical Glass ,3.5 ±0.5 typical ,±0.1 ,Bandpass Filter ,"3,3'-Diexyloxacarbocyanine Iodide, NBD Methylhydrazine "
"486nm CWL, 25mm Dia., Hard Coated OD 4 10nm Bandpass Filter",65-146,$205,25.00 +0.0/-0.1,486 ,±2.0 ,10 ,±2.0 ,?85  ,200 - 1200 ,?4.0 ,21.0 ,80-50 ,Hard Coated ,5.0 ,Optical Glass ,3.5 ±0.5 typical ,±0.1 ,Bandpass Filter ,"3,3'-Diexyloxacarbocyanine Iodide, NBD Methylhydrazine "
"486nm CWL, 50mm Dia., Hard Coated OD 4 10nm Bandpass Filter",65-207,$495,50.00 +0.0/-0.1,486 ,±2.0 ,10 ,±2.0 ,?85  ,200 - 1200 ,?4.0 ,45.3 ,80-50 ,Hard Coated ,5.0 ,Optical Glass ,3.5 ±0.5 typical ,±0.1 ,Bandpass Filter ,"3,3'-Diexyloxacarbocyanine Iodide, NBD Methylhydrazine "
"488nm CWL, 12.5mm Dia., Hard Coated OD 4 10nm Bandpass Filter",65-086,$130,12.50 +0.0/-0.1,488 ,±2.0 ,10 ,±2.0 ,?85 ,200 - 1200 ,?4.0 ,8.8 ,80-50 ,Hard Coated ,5.0 ,Optical Glass ,3.5 ±0.5 typical ,±0.1 ,Bandpass Filter ,Surf Green 
"488nm CWL, 25mm Dia., Hard Coated OD 4 10nm Bandpass Filter",65-147,$205,25.00 +0.0/-0.1,488 ,±2.0 ,10 ,±2.0 ,?85 ,200 - 1200 ,?4.0 ,21.0 ,80-50 ,Hard Coated ,5.0 ,Optical Glass ,3.5 ±0.5 typical ,±0.1 ,Bandpass Filter ,Surf Green 
"488nm CWL, 50mm Dia., Hard Coated OD 4 10nm Bandpass Filter",65-208,$495,50.00 +0.0/-0.1,488 ,±2.0 ,10 ,±2.0 ,?85 ,200 - 1200 ,?4.0 ,45.3 ,80-50 ,Hard Coated ,5.0 ,Optical Glass ,3.5 ±0.5 typical ,±0.1 ,Bandpass Filter ,Surf Green 
"492nm CWL, 12.5mm Dia., Hard Coated OD 4 10nm Bandpass Filter",65-087,$130,12.50 +0.0/-0.1,492 ,±2.0 ,10 ,±2.0 ,?85  ,200 - 1200 ,?4.0 ,8.8 ,80-50 ,Hard Coated ,5.0 ,Optical Glass ,3.5 ±0.5 typical ,±0.1 ,Bandpass Filter ,"5-(BromoMethyl)Fluorescein, 5-Carboxyfluorescein, Cy2, Fluorescein-5-Thiosemicarbazide "
"492nm CWL, 25mm Dia., Hard Coated OD 4 10nm Bandpass Filter",65-148,$205,25.00 +0.0/-0.1,492 ,±2.0 ,10 ,±2.0 ,?85  ,200 - 1200 ,?4.0 ,21.0 ,80-50 ,Hard Coated ,5.0 ,Optical Glass ,3.5 ±0.5 typical ,±0.1 ,Bandpass Filter ,"5-(BromoMethyl)Fluorescein, 5-Carboxyfluorescein, Cy2, Fluorescein-5-Thiosemicarbazide "
"492nm CWL, 50mm Dia., Hard Coated OD 4 10nm Bandpass Filter",65-209,$495,50.00 +0.0/-0.1,492 ,±2.0 ,10 ,±2.0 ,?85  ,200 - 1200 ,?4.0 ,45.3 ,80-50 ,Hard Coated ,5.0 ,Optical Glass ,3.5 ±0.5 typical ,±0.1 ,Bandpass Filter ,"5-(BromoMethyl)Fluorescein, 5-Carboxyfluorescein, Cy2, Fluorescein-5-Thiosemicarbazide "
"500nm CWL, 12.5mm Dia., Hard Coated OD 4 10nm Bandpass Filter",65-088,$130,12.50 +0.0/-0.1,500 ,±2.0 ,10 ,±2.0 ,?85  ,200 - 1200 ,?4.0 ,8.8 ,80-50 ,Hard Coated ,5.0 ,Optical Glass ,3.5 ±0.5 typical ,±0.1 ,Bandpass Filter ,"Acridine Orange, ATTO 488, ratiometric pHluorin pH5, BD Horizon V500, DiO "
"500nm CWL, 25mm Dia., Hard Coated OD 4 10nm Bandpass Filter",65-149,$205,25.00 +0.0/-0.1,500 ,±2.0 ,10 ,±2.0 ,?85  ,200 - 1200 ,?4.0 ,21.0 ,80-50 ,Hard Coated ,5.0 ,Optical Glass ,3.5 ±0.5 typical ,±0.1 ,Bandpass Filter ,"Acridine Orange, ATTO 488, ratiometric pHluorin pH5, BD Horizon V500, DiO "
"500nm CWL, 50mm Dia., Hard Coated OD 4 10nm Bandpass Filter",65-210,$495,50.00 +0.0/-0.1,500 ,±2.0 ,10 ,±2.0 ,?85  ,200 - 1200 ,?4.0 ,45.3 ,80-50 ,Hard Coated ,5.0 ,Optical Glass ,3.5 ±0.5 typical ,±0.1 ,Bandpass Filter ,"Acridine Orange, ATTO 488, ratiometric pHluorin pH5, BD Horizon V500, DiO "
"505nm CWL, 12.5mm Dia., Hard Coated OD 4 10nm Bandpass Filter",34-505,$130,12.50 +0.0/-0.1,505 ,±2.0 ,10 ,±2.0 ,?85 ,200 - 1200 ,?4.0 ,8.8 ,80-50 ,Hard Coated ,5.0 ,Optical Glass ,3.5 ±0.5 typical ,±0.1 ,Bandpass Filter ,
"505nm CWL, 25mm Dia., Hard Coated OD 4 10nm Bandpass Filter",34-506,$205,25.00 +0.0/-0.1,505 ,±2.0 ,10 ,±2.0 ,?85 ,200 - 1200 ,?4.0 ,21.0 ,80-50 ,Hard Coated ,5.0 ,Optical Glass ,3.5 ±0.5 typical ,±0.1 ,Bandpass Filter ,
"505nm CWL, 50mm Dia., Hard Coated OD 4 10nm Bandpass Filter",34-507,$495,50.00 +0.0/-0.1,505 ,±2.0 ,10 ,±2.0 ,?85 ,200 - 1200 ,?4.0 ,45.3 ,80-50 ,Hard Coated ,5.0 ,Optical Glass ,3.5 ±0.5 typical ,±0.1 ,Bandpass Filter ,
"508nm CWL, 12.5mm Dia., Hard Coated OD 4 10nm Bandpass Filter",65-090,$130,12.50 +0.0/-0.1,508 ,±2.0 ,10 ,±2.0 ,?85  ,200 - 1200 ,?4.0 ,8.8 ,80-50 ,Hard Coated ,5.0 ,Optical Glass ,3.5 ±0.5 typical ,±0.1 ,Bandpass Filter ,"FM 4-64, SYTO 11, Flura 2 (Calcium Bound) "
"508nm CWL, 25mm Dia., Hard Coated OD 4 10nm Bandpass Filter",65-151,$205,25.00 +0.0/-0.1,508 ,±2.0 ,10 ,±2.0 ,?85  ,200 - 1200 ,?4.0 ,21.0 ,80-50 ,Hard Coated ,5.0 ,Optical Glass ,3.5 ±0.5 typical ,±0.1 ,Bandpass Filter ,"FM 4-64, SYTO 11, Flura 2 (Calcium Bound) "
"508nm CWL, 50mm Dia., Hard Coated OD 4 10nm Bandpass Filter",65-212,$495,50.00 +0.0/-0.1,508 ,±2.0 ,10 ,±2.0 ,?85  ,200 - 1200 ,?4.0 ,45.3 ,80-50 ,Hard Coated ,5.0 ,Optical Glass ,3.5 ±0.5 typical ,±0.1 ,Bandpass Filter ,"FM 4-64, SYTO 11, Flura 2 (Calcium Bound) "
"510nm CWL, 12.5mm Dia., Hard Coated OD 4 10nm Bandpass Filter",65-091,$130,12.50 +0.0/-0.1,510 ,±2.0 ,10 ,±2.0 ,?85  ,200 - 1200 ,?4.0 ,8.8 ,80-50 ,Hard Coated ,5.0 ,Optical Glass ,3.5 ±0.5 typical ,±0.1 ,Bandpass Filter ,"Nile red-triglyceride, BV510 - BioLegend Brilliant Violet 510 "
"510nm CWL, 25mm Dia., Hard Coated OD 4 10nm Bandpass Filter",65-152,$205,25.00 +0.0/-0.1,510 ,±2.0 ,10 ,±2.0 ,?85  ,200 - 1200 ,?4.0 ,21.0 ,80-50 ,Hard Coated ,5.0 ,Optical Glass ,3.5 ±0.5 typical ,±0.1 ,Bandpass Filter ,"Nile red-triglyceride, BV510 - BioLegend Brilliant Violet 511 "
"510nm CWL, 50mm Dia., Hard Coated OD 4 10nm Bandpass Filter",65-213,$495,50.00 +0.0/-0.1,510 ,±2.0 ,10 ,±2.0 ,?85  ,200 - 1200 ,?4.0 ,45.3 ,80-50 ,Hard Coated ,5.0 ,Optical Glass ,3.5 ±0.5 typical ,±0.1 ,Bandpass Filter ,"Nile red-triglyceride, BV510 - BioLegend Brilliant Violet 512 "
"515nm CWL, 12.5mm Dia., Hard Coated OD 4 10nm Bandpass Filter",65-092,$130,12.50 +0.0/-0.1,515 ,±2.0 ,10 ,±2.0 ,?85  ,200 - 1200 ,?4.0 ,8.8 ,80-50 ,Hard Coated ,5.0 ,Optical Glass ,3.5 ±0.5 typical ,±0.1 ,Bandpass Filter ,"To-Pro 1, 5-(BromoMethyl)Fluorescein, 6-Carboxyfluorescein "
"515nm CWL, 25mm Dia., Hard Coated OD 4 10nm Bandpass Filter",65-153,$205,25.00 +0.0/-0.1,515 ,±2.0 ,10 ,±2.0 ,?85  ,200 - 1200 ,?4.0 ,21.0 ,80-50 ,Hard Coated ,5.0 ,Optical Glass ,3.5 ±0.5 typical ,±0.1 ,Bandpass Filter ,"To-Pro 1, 5-(BromoMethyl)Fluorescein, 6-Carboxyfluorescein "
"515nm CWL, 50mm Dia., Hard Coated OD 4 10nm Bandpass Filter",65-214,$495,50.00 +0.0/-0.1,515 ,±2.0 ,10 ,±2.0 ,?85  ,200 - 1200 ,?4.0 ,45.3 ,80-50 ,Hard Coated ,5.0 ,Optical Glass ,3.5 ±0.5 typical ,±0.1 ,Bandpass Filter ,"To-Pro 1, 5-(BromoMethyl)Fluorescein, 6-Carboxyfluorescein "
"520nm CWL, 12.5mm Dia., Hard Coated OD 4 10nm Bandpass Filter",65-093,$130,12.50 +0.0/-0.1,520 ,±2.0 ,10 ,±2.0 ,?85 ,200 - 1200 ,?4.0 ,8.8 ,80-50 ,Hard Coated ,5.0 ,Optical Glass ,3.5 ±0.5 typical ,±0.1 ,Bandpass Filter ,"6-JOE, 5-CaboxyFluroescein, Dragon Green "
"520nm CWL, 25mm Dia., Hard Coated OD 4 10nm Bandpass Filter",65-154,$205,25.00 +0.0/-0.1,520 ,±2.0 ,10 ,±2.0 ,?85 ,200 - 1200 ,?4.0 ,21.0 ,80-50 ,Hard Coated ,5.0 ,Optical Glass ,3.5 ±0.5 typical ,±0.1 ,Bandpass Filter ,"6-JOE, 5-CaboxyFluroescein, Dragon Green "
"520nm CWL, 50mm Dia., Hard Coated OD 4 10nm Bandpass Filter",65-215,$495,50.00 +0.0/-0.1,520 ,±2.0 ,10 ,±2.0 ,?85 ,200 - 1200 ,?4.0 ,45.3 ,80-50 ,Hard Coated ,5.0 ,Optical Glass ,3.5 ±0.5 typical ,±0.1 ,Bandpass Filter ,"6-JOE, 5-CaboxyFluroescein, Dragon Green "
"532nm CWL, 12.5mm Dia., Hard Coated OD 4 10nm Bandpass Filter",65-094,$130,12.50 +0.0/-0.1,532 ,±2.0 ,10 ,±2.0 ,?85 ,200 - 1200 ,?4.0 ,8.8 ,80-50 ,Hard Coated ,5.0 ,Optical Glass ,3.5 ±0.5 typical ,±0.1 ,Bandpass Filter ,Nd:YAG Laser Line/CY3(TM) Excitation 
"532nm CWL, 25mm Dia., Hard Coated OD 4 10nm Bandpass Filter",65-155,$205,25.00 +0.0/-0.1,532 ,±2.0 ,10 ,±2.0 ,?85 ,200 - 1200 ,?4.0 ,21.0 ,80-50 ,Hard Coated ,5.0 ,Optical Glass ,3.5 ±0.5 typical ,±0.1 ,Bandpass Filter ,Nd:YAG Laser Line/CY3(TM) Excitation 
"532nm CWL, 50mm Dia., Hard Coated OD 4 10nm Bandpass Filter",65-216,$495,50.00 +0.0/-0.1,532 ,±2.0 ,10 ,±2.0 ,?85 ,200 - 1200 ,?4.0 ,45.3 ,80-50 ,Hard Coated ,5.0 ,Optical Glass ,3.5 ±0.5 typical ,±0.1 ,Bandpass Filter ,Nd:YAG Laser Line/CY3(TM) Excitation 
"535nm CWL, 12.5mm Dia., Hard Coated OD 4 10nm Bandpass Filter",65-095,$130,12.50 +0.0/-0.1,535 ,±2.0 ,10 ,±2.0 ,?85  ,200 - 1200 ,?4.0 ,8.8 ,80-50 ,Hard Coated ,5.0 ,Optical Glass ,3.5 ±0.5 typical ,±0.1 ,Bandpass Filter ,"Ethidium Homodimer-2, Propidium Iodide "
"535nm CWL, 25mm Dia., Hard Coated OD 4 10nm Bandpass Filter",65-156,$205,25.00 +0.0/-0.1,535 ,±2.0 ,10 ,±2.0 ,?85  ,200 - 1200 ,?4.0 ,21.0 ,80-50 ,Hard Coated ,5.0 ,Optical Glass ,3.5 ±0.5 typical ,±0.1 ,Bandpass Filter ,"Ethidium Homodimer-2, Propidium Iodide "
"535nm CWL, 50mm Dia., Hard Coated OD 4 10nm Bandpass Filter",65-217,$495,50.00 +0.0/-0.1,535 ,±2.0 ,10 ,±2.0 ,?85  ,200 - 1200 ,?4.0 ,45.3 ,80-50 ,Hard Coated ,5.0 ,Optical Glass ,3.5 ±0.5 typical ,±0.1 ,Bandpass Filter ,"Ethidium Homodimer-2, Propidium Iodide "
"540nm CWL, 12.5mm Dia., Hard Coated OD 4 10nm Bandpass Filter",65-096,$130,12.50 +0.0/-0.1,540 ,±2.0 ,10 ,±2.0 ,?85 ,200 - 1200 ,?4.0 ,8.8 ,80-50 ,Hard Coated ,5.0 ,Optical Glass ,3.5 ±0.5 typical ,±0.1 ,Bandpass Filter ,"Suncoast Yellow, SYTO 82 "
"540nm CWL, 25mm Dia., Hard Coated OD 4 10nm Bandpass Filter",65-157,$205,25.00 +0.0/-0.1,540 ,±2.0 ,10 ,±2.0 ,?85 ,200 - 1200 ,?4.0 ,21.0 ,80-50 ,Hard Coated ,5.0 ,Optical Glass ,3.5 ±0.5 typical ,±0.1 ,Bandpass Filter ,"Suncoast Yellow, SYTO 82 "
"540nm CWL, 50mm Dia., Hard Coated OD 4 10nm Bandpass Filter",65-218,$495,50.00 +0.0/-0.1,540 ,±2.0 ,10 ,±2.0 ,?85 ,200 - 1200 ,?4.0 ,45.3 ,80-50 ,Hard Coated ,5.0 ,Optical Glass ,3.5 ±0.5 typical ,±0.1 ,Bandpass Filter ,"Suncoast Yellow, SYTO 82 "
"546nm CWL, 12.5mm Dia., Hard Coated OD 4 10nm Bandpass Filter",65-097,$130,12.50 +0.0/-0.1,546 ,±2.0 ,10 ,±2.0 ,?85 ,200 - 1200 ,?4.0 ,8.8 ,80-50 ,Hard Coated ,5.0 ,Optical Glass ,3.5 ±0.5 typical ,±0.1 ,Bandpass Filter ,"Eosin, Jo-Pro 1 "
"546nm CWL, 25mm Dia., Hard Coated OD 4 10nm Bandpass Filter",65-158,$205,25.00 +0.0/-0.1,546 ,±2.0 ,10 ,±2.0 ,?85 ,200 - 1200 ,?4.0 ,21.0 ,80-50 ,Hard Coated ,5.0 ,Optical Glass ,3.5 ±0.5 typical ,±0.1 ,Bandpass Filter ,"Eosin, Jo-Pro 1 "
"546nm CWL, 50mm Dia., Hard Coated OD 4 10nm Bandpass Filter",65-219,$495,50.00 +0.0/-0.1,546 ,±2.0 ,10 ,±2.0 ,?85 ,200 - 1200 ,?4.0 ,45.3 ,80-50 ,Hard Coated ,5.0 ,Optical Glass ,3.5 ±0.5 typical ,±0.1 ,Bandpass Filter ,"Eosin, Jo-Pro 1 "
"550nm CWL, 12.5mm Dia., Hard Coated OD 4 10nm Bandpass Filter",65-098,$130,12.50 +0.0/-0.1,550 ,±2.0 ,10 ,±2.0 ,?85 ,200 - 1200 ,?4.0 ,8.8 ,80-50 ,Hard Coated ,5.0 ,Optical Glass ,3.5 ±0.5 typical ,±0.1 ,Bandpass Filter ,"Acridine Yellow, Magnesium Orange, HiLyte Fluor 555 "
"550nm CWL, 25mm Dia., Hard Coated OD 4 10nm Bandpass Filter",65-159,$205,25.00 +0.0/-0.1,550 ,±2.0 ,10 ,±2.0 ,?85 ,200 - 1200 ,?4.0 ,21.0 ,80-50 ,Hard Coated ,5.0 ,Optical Glass ,3.5 ±0.5 typical ,±0.1 ,Bandpass Filter ,"Acridine Yellow, Magnesium Orange, HiLyte Fluor 555 "
"550nm CWL, 50mm Dia., Hard Coated OD 4 10nm Bandpass Filter",65-220,$495,50.00 +0.0/-0.1,550 ,±2.0 ,10 ,±2.0 ,?85 ,200 - 1200 ,?4.0 ,45.3 ,80-50 ,Hard Coated ,5.0 ,Optical Glass ,3.5 ±0.5 typical ,±0.1 ,Bandpass Filter ,"Acridine Yellow, Magnesium Orange, HiLyte Fluor 555 "
"560nm CWL, 12.5mm Dia., Hard Coated OD 4 10nm Bandpass Filter",87-887,$130,12.50 +0.0/-0.1,560 ,±2.0 ,10 ,±2.0 ,>85 ,200 - 1200 ,?4.0 ,8.8 ,80-50 ,Hard Coated ,5.0 ,Optical Glass ,3.5 ±0.5 typical ,±0.1 ,Bandpass Filter ,"LDS 751, pHrodo succinimidyl ester, QSY 7 Carboxylic Acid Succinimdyl Ester "
"560nm CWL, 25mm Dia., Hard Coated OD 4 10nm Bandpass Filter",88-011,$205,25.00 +0.0/-0.1,560 ,±2.0 ,10 ,±2.0 ,>85 ,200 - 1200 ,?4.0 ,21.0 ,80-50 ,Hard Coated ,5.0 ,Optical Glass ,3.5 ±0.5 typical ,±0.1 ,Bandpass Filter ,"LDS 751, pHrodo succinimidyl ester, QSY 7 Carboxylic Acid Succinimdyl Ester "
"560nm CWL, 50mm Dia., Hard Coated OD 4 10nm Bandpass Filter",88-017,$495,50.00 +0.0/-0.1,560 ,±2.0 ,10 ,±2.0 ,>85 ,200 - 1200 ,?4.0 ,45.3 ,80-50 ,Hard Coated ,5.0 ,Optical Glass ,3.5 ±0.5 typical ,±0.1 ,Bandpass Filter ,"LDS 751, pHrodo succinimidyl ester, QSY 7 Carboxylic Acid Succinimdyl Ester "
"568nm CWL, 12.5mm Dia., Hard Coated OD 4 10nm Bandpass Filter",65-099,$130,12.50 +0.0/-0.1,568 ,±2.0 ,10 ,±2.0 ,?85 ,200 - 1200 ,?4.0 ,8.8 ,80-50 ,Hard Coated ,5.0 ,Optical Glass ,3.5 ±0.5 typical ,±0.1 ,Bandpass Filter ,mTangerine 
"568nm CWL, 25mm Dia., Hard Coated OD 4 10nm Bandpass Filter",65-160,$205,25.00 +0.0/-0.1,568 ,±2.0 ,10 ,±2.0 ,?85 ,200 - 1200 ,?4.0 ,21.0 ,80-50 ,Hard Coated ,5.0 ,Optical Glass ,3.5 ±0.5 typical ,±0.1 ,Bandpass Filter ,mTangerine 
"568nm CWL, 50mm Dia., Hard Coated OD 4 10nm Bandpass Filter",65-221,$495,50.00 +0.0/-0.1,568 ,±2.0 ,10 ,±2.0 ,?85 ,200 - 1200 ,?4.0 ,45.3 ,80-50 ,Hard Coated ,5.0 ,Optical Glass ,3.5 ±0.5 typical ,±0.1 ,Bandpass Filter ,mTangerine 
"580nm CWL, 12.5mm Dia., Hard Coated OD 4 10nm Bandpass Filter",65-100,$130,12.50 +0.0/-0.1,580 ,±2.0 ,10 ,±2.0 ,?85 ,200 - 1200 ,?4.0 ,8.8 ,80-50 ,Hard Coated ,5.0 ,Optical Glass ,3.5 ±0.5 typical ,±0.1 ,Bandpass Filter ,"Red 580, X-Rhod-1 Indicator "
"580nm CWL, 25mm Dia., Hard Coated OD 4 10nm Bandpass Filter",65-161,$205,25.00 +0.0/-0.1,580 ,±2.0 ,10 ,±2.0 ,?85 ,200 - 1200 ,?4.0 ,21.0 ,80-50 ,Hard Coated ,5.0 ,Optical Glass ,3.5 ±0.5 typical ,±0.1 ,Bandpass Filter ,"Red 580, X-Rhod-1 Indicator "
"580nm CWL, 50mm Dia., Hard Coated OD 4 10nm Bandpass Filter",65-222,$495,50.00 +0.0/-0.1,580 ,±2.0 ,10 ,±2.0 ,?85 ,200 - 1200 ,?4.0 ,45.3 ,80-50 ,Hard Coated ,5.0 ,Optical Glass ,3.5 ±0.5 typical ,±0.1 ,Bandpass Filter ,"Red 580, X-Rhod-1 Indicator "
"589nm CWL, 12.5mm Dia., Hard Coated OD 4 10nm Bandpass Filter",65-101,$130,12.50 +0.0/-0.1,589 ,±2.0 ,10 ,±2.0 ,?85 ,200 - 1200 ,?4.0 ,8.8 ,80-50 ,Hard Coated ,5.0 ,Optical Glass ,3.5 ±0.5 typical ,±0.1 ,Bandpass Filter ,"Bodipy TR Ceramide, Calcium Crimson, Calcium Orange, mPlum "
"589nm CWL, 25mm Dia., Hard Coated OD 4 10nm Bandpass Filter",65-162,$205,25.00 +0.0/-0.1,589 ,±2.0 ,10 ,±2.0 ,?85 ,200 - 1200 ,?4.0 ,21.0 ,80-50 ,Hard Coated ,5.0 ,Optical Glass ,3.5 ±0.5 typical ,±0.1 ,Bandpass Filter ,"Bodipy TR Ceramide, Calcium Crimson, Calcium Orange, mPlum "
"589nm CWL, 50mm Dia., Hard Coated OD 4 10nm Bandpass Filter",65-223,$495,50.00 +0.0/-0.1,589 ,±2.0 ,10 ,±2.0 ,?85 ,200 - 1200 ,?4.0 ,45.3 ,80-50 ,Hard Coated ,5.0 ,Optical Glass ,3.5 ±0.5 typical ,±0.1 ,Bandpass Filter ,"Bodipy TR Ceramide, Calcium Crimson, Calcium Orange, mPlum "
"594nm CWL, 12.5mm Dia., Hard Coated OD 4 10nm Bandpass Filter",86-733,$130,12.50 +0.0/-0.1,594 ,±2.0 ,10 ,±2.0 ,?85 ,200 - 1200 ,?4.0 ,8.8 ,80-50 ,Hard Coated ,5.0 ,Optical Glass ,3.5 ±0.5 typical ,±0.1 ,Bandpass Filter ,ATTO 590 
"594nm CWL, 25mm Dia., Hard Coated OD 4 10nm Bandpass Filter",86-737,$205,25.00 +0.0/-0.1,594 ,±2.0 ,10 ,±2.0 ,?85 ,200 - 1200 ,?4.0 ,21.0 ,80-50 ,Hard Coated ,5.0 ,Optical Glass ,3.5 ±0.5 typical ,±0.1 ,Bandpass Filter ,ATTO 590 
"594nm CWL, 50mm Dia., Hard Coated OD 4 10nm Bandpass Filter",86-741,$495,50.00 +0.0/-0.1,594 ,±2.0 ,10 ,±2.0 ,?85 ,200 - 1200 ,?4.0 ,45.3 ,80-50 ,Hard Coated ,5.0 ,Optical Glass ,3.5 ±0.5 typical ,±0.1 ,Bandpass Filter ,ATTO 590 
"600nm CWL, 12.5mm Dia., Hard Coated OD 4 10nm Bandpass Filter",65-102,$130,12.50 +0.0/-0.1,600 ,±2.0 ,10 ,±2.0 ,?85  ,200 - 1200 ,?4.0 ,8.8 ,80-50 ,Hard Coated ,5.0 ,Optical Glass ,3.5 ±0.5 typical ,±0.1 ,Bandpass Filter ,"Hexidium Iodide, Suncoast Yellow "
"600nm CWL, 25mm Dia., Hard Coated OD 4 10nm Bandpass Filter",65-163,$205,25.00 +0.0/-0.1,600 ,±2.0 ,10 ,±2.0 ,?85  ,200 - 1200 ,?4.0 ,21.0 ,80-50 ,Hard Coated ,5.0 ,Optical Glass ,3.5 ±0.5 typical ,±0.1 ,Bandpass Filter ,"Hexidium Iodide, Suncoast Yellow "
"600nm CWL, 50mm Dia., Hard Coated OD 4 10nm Bandpass Filter",65-224,$495,50.00 +0.0/-0.1,600 ,±2.0 ,10 ,±2.0 ,?85  ,200 - 1200 ,?4.0 ,45.3 ,80-50 ,Hard Coated ,5.0 ,Optical Glass ,3.5 ±0.5 typical ,±0.1 ,Bandpass Filter ,"Hexidium Iodide, Suncoast Yellow "
"610nm CWL, 12.5mm Dia., Hard Coated OD 4 10nm Bandpass Filter",65-103,$130,12.50 +0.0/-0.1,610 ,±2.0 ,10 ,±2.0 ,?85 ,200 - 1200 ,?4.0 ,8.8 ,80-50 ,Hard Coated ,5.0 ,Optical Glass ,3.5 ±0.5 typical ,±0.1 ,Bandpass Filter ,"Europium Chelate, FC02F "
"610nm CWL, 25mm Dia., Hard Coated OD 4 10nm Bandpass Filter",65-164,$205,25.00 +0.0/-0.1,610 ,±2.0 ,10 ,±2.0 ,?85 ,200 - 1200 ,?4.0 ,21.0 ,80-50 ,Hard Coated ,5.0 ,Optical Glass ,3.5 ±0.5 typical ,±0.1 ,Bandpass Filter ,"Europium Chelate, FC02F "
"610nm CWL, 50mm Dia., Hard Coated OD 4 10nm Bandpass Filter",65-225,$495,50.00 +0.0/-0.1,610 ,±2.0 ,10 ,±2.0 ,?85 ,200 - 1200 ,?4.0 ,45.3 ,80-50 ,Hard Coated ,5.0 ,Optical Glass ,3.5 ±0.5 typical ,±0.1 ,Bandpass Filter ,"Europium Chelate, FC02F "
"620nm CWL, 12.5mm Dia., Hard Coated OD 4 10nm Bandpass Filter",65-104,$130,12.50 +0.0/-0.1,620 ,±2.0 ,10 ,±2.0 ,?85 ,200 - 1200 ,?4.0 ,8.8 ,80-50 ,Hard Coated ,5.0 ,Optical Glass ,3.5 ±0.5 typical ,±0.1 ,Bandpass Filter ,"DyLight 633, FluoSphere Crimson "
"620nm CWL, 25mm Dia., Hard Coated OD 4 10nm Bandpass Filter",65-165,$205,25.00 +0.0/-0.1,620 ,±2.0 ,10 ,±2.0 ,?85 ,200 - 1200 ,?4.0 ,21.0 ,80-50 ,Hard Coated ,5.0 ,Optical Glass ,3.5 ±0.5 typical ,±0.1 ,Bandpass Filter ,"DyLight 633, FluoSphere Crimson "
"620nm CWL, 50mm Dia., Hard Coated OD 4 10nm Bandpass Filter",65-226,$495,50.00 +0.0/-0.1,620 ,±2.0 ,10 ,±2.0 ,?85 ,200 - 1200 ,?4.0 ,45.3 ,80-50 ,Hard Coated ,5.0 ,Optical Glass ,3.5 ±0.5 typical ,±0.1 ,Bandpass Filter ,"DyLight 633, FluoSphere Crimson "
"632nm CWL, 12.5mm Dia., Hard Coated OD 4 10nm Bandpass Filter",65-105,$130,12.50 +0.0/-0.1,632 ,±2.0 ,10 ,±2.0 ,?85 ,200 - 1200 ,?4.0 ,8.8 ,80-50 ,Hard Coated ,5.0 ,Optical Glass ,3.5 ±0.5 typical ,±0.1 ,Bandpass Filter ,Alexa Fluor® 633 
"632nm CWL, 25mm Dia., Hard Coated OD 4 10nm Bandpass Filter",65-166,$205,25.00 +0.0/-0.1,632 ,±2.0 ,10 ,±2.0 ,?85 ,200 - 1200 ,?4.0 ,21.0 ,80-50 ,Hard Coated ,5.0 ,Optical Glass ,3.5 ±0.5 typical ,±0.1 ,Bandpass Filter ,Alexa Fluor® 633 
"632nm CWL, 50mm Dia., Hard Coated OD 4 10nm Bandpass Filter",65-227,$495,50.00 +0.0/-0.1,632 ,±2.0 ,10 ,±2.0 ,?85 ,200 - 1200 ,?4.0 ,45.3 ,80-50 ,Hard Coated ,5.0 ,Optical Glass ,3.5 ±0.5 typical ,±0.1 ,Bandpass Filter ,Alexa Fluor® 633 
"636nm CWL, 12.5mm Dia., Hard Coated OD 4 10nm Bandpass Filter",65-106,$130,12.50 +0.0/-0.1,636 ,±2.0 ,10 ,±2.0 ,?85 ,200 - 1200 ,?4.0 ,8.8 ,80-50 ,Hard Coated ,5.0 ,Optical Glass ,3.5 ±0.5 typical ,±0.1 ,Bandpass Filter ,Alexa Fluor® 633 
"636nm CWL, 25mm Dia., Hard Coated OD 4 10nm Bandpass Filter",65-167,$205,25.00 +0.0/-0.1,636 ,±2.0 ,10 ,±2.0 ,?85 ,200 - 1200 ,?4.0 ,21.0 ,80-50 ,Hard Coated ,5.0 ,Optical Glass ,3.5 ±0.5 typical ,±0.1 ,Bandpass Filter ,Alexa Fluor® 633 
"636nm CWL, 50mm Dia., Hard Coated OD 4 10nm Bandpass Filter",65-228,$495,50.00 +0.0/-0.1,636 ,±2.0 ,10 ,±2.0 ,?85 ,200 - 1200 ,?4.0 ,45.3 ,80-50 ,Hard Coated ,5.0 ,Optical Glass ,3.5 ±0.5 typical ,±0.1 ,Bandpass Filter ,Alexa Fluor® 633 
"640nm CWL, 12.5mm Dia., Hard Coated OD 4 10nm Bandpass Filter",65-107,$130,12.50 +0.0/-0.1,640 ,±2.0 ,10 ,±2.0 ,?85 ,200 - 1200 ,?4.0 ,8.8 ,80-50 ,Hard Coated ,5.0 ,Optical Glass ,3.5 ±0.5 typical ,±0.1 ,Bandpass Filter ,SYTOX Red-DNA 
"640nm CWL, 25mm Dia., Hard Coated OD 4 10nm Bandpass Filter",65-168,$205,25.00 +0.0/-0.1,640 ,±2.0 ,10 ,±2.0 ,?85 ,200 - 1200 ,?4.0 ,21.0 ,80-50 ,Hard Coated ,5.0 ,Optical Glass ,3.5 ±0.5 typical ,±0.1 ,Bandpass Filter ,SYTOX Red-DNA 
"640nm CWL, 50mm Dia., Hard Coated OD 4 10nm Bandpass Filter",65-229,$495,50.00 +0.0/-0.1,640 ,±2.0 ,10 ,±2.0 ,?85 ,200 - 1200 ,?4.0 ,45.3 ,80-50 ,Hard Coated ,5.0 ,Optical Glass ,3.5 ±0.5 typical ,±0.1 ,Bandpass Filter ,SYTOX Red-DNA 
"647nm CWL, 12.5mm Dia., Hard Coated OD 4 10nm Bandpass Filter",65-108,$130,12.50 +0.0/-0.1,647 ,±2.0 ,10 ,±2.0 ,?85 ,200 - 1200 ,?4.0 ,8.8 ,80-50 ,Hard Coated ,5.0 ,Optical Glass ,3.5 ±0.5 typical ,±0.1 ,Bandpass Filter ,Alexa Fluor® 633 
"647nm CWL, 25mm Dia., Hard Coated OD 4 10nm Bandpass Filter",65-169,$205,25.00 +0.0/-0.1,647 ,±2.0 ,10 ,±2.0 ,?85 ,200 - 1200 ,?4.0 ,21.0 ,80-50 ,Hard Coated ,5.0 ,Optical Glass ,3.5 ±0.5 typical ,±0.1 ,Bandpass Filter ,Alexa Fluor® 633 
"647nm CWL, 50mm Dia., Hard Coated OD 4 10nm Bandpass Filter",65-230,$495,50.00 +0.0/-0.1,647 ,±2.0 ,10 ,±2.0 ,?85 ,200 - 1200 ,?4.0 ,45.3 ,80-50 ,Hard Coated ,5.0 ,Optical Glass ,3.5 ±0.5 typical ,±0.1 ,Bandpass Filter ,Alexa Fluor® 633 
"650nm CWL, 12.5mm Dia., Hard Coated OD 4 10nm Bandpass Filter",65-109,$130,12.50 +0.0/-0.1,650 ,±2.0 ,10 ,±2.0 ,?85 ,200 - 1200 ,?4.0 ,8.8 ,80-50 ,Hard Coated ,5.0 ,Optical Glass ,3.5 ±0.5 typical ,±0.1 ,Bandpass Filter ,"Alexa Fluor® 647, SpectrumFRed, SYTO 60, ChlorophyllA "
"650nm CWL, 25mm Dia., Hard Coated OD 4 10nm Bandpass Filter",65-170,$205,25.00 +0.0/-0.1,650 ,±2.0 ,10 ,±2.0 ,?85 ,200 - 1200 ,?4.0 ,21.0 ,80-50 ,Hard Coated ,5.0 ,Optical Glass ,3.5 ±0.5 typical ,±0.1 ,Bandpass Filter ,"Alexa Fluor® 647, SpectrumFRed, SYTO 60, ChlorophyllA "
"650nm CWL, 50mm Dia., Hard Coated OD 4 10nm Bandpass Filter",65-231,$495,50.00 +0.0/-0.1,650 ,±2.0 ,10 ,±2.0 ,?85 ,200 - 1200 ,?4.0 ,45.3 ,80-50 ,Hard Coated ,5.0 ,Optical Glass ,3.5 ±0.5 typical ,±0.1 ,Bandpass Filter ,"Alexa Fluor® 647, SpectrumFRed, SYTO 60, ChlorophyllA "
"656nm CWL, 12.5mm Dia., Hard Coated OD 4 10nm Bandpass Filter",65-110,$130,12.50 +0.0/-0.1,656 ,±2.0 ,10 ,±2.0 ,?85 ,200 - 1200 ,?4.0 ,8.8 ,80-50 ,Hard Coated ,5.0 ,Optical Glass ,3.5 ±0.5 typical ,±0.1 ,Bandpass Filter ,"FluoroSphere Red, FluoroSphere Dark Red "
"656nm CWL, 25mm Dia., Hard Coated OD 4 10nm Bandpass Filter",65-171,$205,25.00 +0.0/-0.1,656 ,±2.0 ,10 ,±2.0 ,?85 ,200 - 1200 ,?4.0 ,21.0 ,80-50 ,Hard Coated ,5.0 ,Optical Glass ,3.5 ±0.5 typical ,±0.1 ,Bandpass Filter ,"FluoroSphere Red, FluoroSphere Dark Red "
"656nm CWL, 50mm Dia., Hard Coated OD 4 10nm Bandpass Filter",65-232,$495,50.00 +0.0/-0.1,656 ,±2.0 ,10 ,±2.0 ,?85 ,200 - 1200 ,?4.0 ,45.3 ,80-50 ,Hard Coated ,5.0 ,Optical Glass ,3.5 ±0.5 typical ,±0.1 ,Bandpass Filter ,"FluoroSphere Red, FluoroSphere Dark Red "
"660nm CWL, 12.5mm Dia., Hard Coated OD 4 10nm Bandpass Filter",86-086,$130,12.50 +0.0/-0.1,660 ,±2.0 ,10 ,±2.0 ,?85  ,200 - 1200 ,?4.0 ,8.8 ,80-50 ,Hard Coated ,5.0 ,Optical Glass ,3.5 ±0.5 typical ,±0.1 ,Bandpass Filter ,"4-[4-(Diethylamino)Styryl]-N-MethylPyridinium Iodide, LysoTracker Yellow HCK-123, PKH67 "
"660nm CWL, 25mm Dia., Hard Coated OD 4 10nm Bandpass Filter",86-089,$205,25.00 +0.0/-0.1,660 ,±2.0 ,10 ,±2.0 ,?85  ,200 - 1200 ,?4.0 ,21.0 ,80-50 ,Hard Coated ,5.0 ,Optical Glass ,3.5 ±0.5 typical ,±0.1 ,Bandpass Filter ,"4-[4-(Diethylamino)Styryl]-N-MethylPyridinium Iodide, LysoTracker Yellow HCK-123, PKH68 "
"660nm CWL, 50mm Dia., Hard Coated OD 4 10nm Bandpass Filter",86-092,$495,50.00 +0.0/-0.1,660 ,±2.0 ,10 ,±2.0 ,?85  ,200 - 1200 ,?4.0 ,45.3 ,80-50 ,Hard Coated ,5.0 ,Optical Glass ,3.5 ±0.5 typical ,±0.1 ,Bandpass Filter ,"4-[4-(Diethylamino)Styryl]-N-MethylPyridinium Iodide, LysoTracker Yellow HCK-123, PKH69 "
"671nm CWL, 12.5mm Dia., Hard Coated OD 4 10nm Bandpass Filter",65-111,$130,12.50 +0.0/-0.1,671 ,±2.0 ,10 ,±2.0 ,?85 ,200 - 1200 ,?4.0 ,8.8 ,80-50 ,Hard Coated ,5.0 ,Optical Glass ,3.5 ±0.5 typical ,±0.1 ,Bandpass Filter ,Emission Sodium Green 
"671nm CWL, 25mm Dia., Hard Coated OD 4 10nm Bandpass Filter",65-172,$205,25.00 +0.0/-0.1,671 ,±2.0 ,10 ,±2.0 ,?85 ,200 - 1200 ,?4.0 ,21.0 ,80-50 ,Hard Coated ,5.0 ,Optical Glass ,3.5 ±0.5 typical ,±0.1 ,Bandpass Filter ,Emission Sodium Green 
"671nm CWL, 50mm Dia., Hard Coated OD 4 10nm Bandpass Filter",65-233,$495,50.00 +0.0/-0.1,671 ,±2.0 ,10 ,±2.0 ,?85 ,200 - 1200 ,?4.0 ,45.3 ,80-50 ,Hard Coated ,5.0 ,Optical Glass ,3.5 ±0.5 typical ,±0.1 ,Bandpass Filter ,Emission Sodium Green 
"676nm CWL, 12.5mm Dia., Hard Coated OD 4 10nm Bandpass Filter",65-112,$130,12.50 +0.0/-0.1,676 ,±2.0 ,10 ,±2.0 ,?85  ,200 - 1200 ,?4.0 ,8.8 ,80-50 ,Hard Coated ,5.0 ,Optical Glass ,3.5 ±0.5 typical ,±0.1 ,Bandpass Filter ,Dylight 680 
"676nm CWL, 25mm Dia., Hard Coated OD 4 10nm Bandpass Filter",65-173,$205,25.00 +0.0/-0.1,676 ,±2.0 ,10 ,±2.0 ,?85  ,200 - 1200 ,?4.0 ,21.0 ,80-50 ,Hard Coated ,5.0 ,Optical Glass ,3.5 ±0.5 typical ,±0.1 ,Bandpass Filter ,Dylight 681 
"676nm CWL, 50mm Dia., Hard Coated OD 4 10nm Bandpass Filter",65-234,$495,50.00 +0.0/-0.1,676 ,±2.0 ,10 ,±2.0 ,?85  ,200 - 1200 ,?4.0 ,45.3 ,80-50 ,Hard Coated ,5.0 ,Optical Glass ,3.5 ±0.5 typical ,±0.1 ,Bandpass Filter ,Dylight 682 
"680nm CWL, 12.5mm Dia., Hard Coated OD 4 10nm Bandpass Filter",88-568,$130,12.50 +0.0/-0.1,680 ,±2.0 ,10 ,±2.0 ,>85 ,200 - 1200 ,?4.0 ,8.8 ,80-50 ,Hard Coated ,5.0 ,Optical Glass ,3.5 ±0.5 typical ,±0.1 ,Bandpass Filter ,ATTO 680 
"680nm CWL, 25mm Dia., Hard Coated OD 4 10nm Bandpass Filter",88-571,$205,25.00 +0.0/-0.1,680 ,±2.0 ,10 ,±2.0 ,>85 ,200 - 1200 ,?4.0 ,21.0 ,80-50 ,Hard Coated ,5.0 ,Optical Glass ,3.5 ±0.5 typical ,±0.1 ,Bandpass Filter ,ATTO 681 
"680nm CWL, 50mm Dia., Hard Coated OD 4 10nm Bandpass Filter",88-574,$495,50.00 +0.0/-0.1,680 ,±2.0 ,10 ,±2.0 ,>85 ,200 - 1200 ,?4.0 ,45.3 ,80-50 ,Hard Coated ,5.0 ,Optical Glass ,3.5 ±0.5 typical ,±0.1 ,Bandpass Filter ,ATTO 682 
"685nm CWL, 12.5mm Dia., Hard Coated OD 4 10nm Bandpass Filter",86-734,$130,12.50 +0.0/-0.1,685 ,±2.0 ,10 ,±2.0 ,?85 ,200 - 1200 ,?4.0 ,8.8 ,80-50 ,Hard Coated ,5.0 ,Optical Glass ,3.5 ±0.5 typical ,±0.1 ,Bandpass Filter ,"HiLyte Fluor 680, FluoSpheres Dark Red "
"685nm CWL, 25mm Dia., Hard Coated OD 4 10nm Bandpass Filter",86-738,$205,25.00 +0.0/-0.1,685 ,±2.0 ,10 ,±2.0 ,?85 ,200 - 1200 ,?4.0 ,21.0 ,80-50 ,Hard Coated ,5.0 ,Optical Glass ,3.5 ±0.5 typical ,±0.1 ,Bandpass Filter ,"HiLyte Fluor 680, FluoSpheres Dark Red "
"685nm CWL, 50mm Dia., Hard Coated OD 4 10nm Bandpass Filter",86-742,$495,50.00 +0.0/-0.1,685 ,±2.0 ,10 ,±2.0 ,?85 ,200 - 1200 ,?4.0 ,45.3 ,80-50 ,Hard Coated ,5.0 ,Optical Glass ,3.5 ±0.5 typical ,±0.1 ,Bandpass Filter ,"HiLyte Fluor 680, FluoSpheres Dark Red "
"690nm CWL, 12.5mm Dia., Hard Coated OD 4 10nm Bandpass Filter",65-113,$130,12.50 +0.0/-0.1,690 ,±2.0 ,10 ,±2.0 ,?85  ,200 - 1200 ,?4.0 ,8.8 ,80-50 ,Hard Coated ,5.0 ,Optical Glass ,3.5 ±0.5 typical ,±0.1 ,Bandpass Filter ,Emission Flash Red 
"690nm CWL, 25mm Dia., Hard Coated OD 4 10nm Bandpass Filter ",65-174,$205,25.00 +0.0/-0.1,690 ,±2.0 ,10 ,±2.0 ,?85  ,200 - 1200 ,?4.0 ,21.0 ,80-50 ,Hard Coated ,5.0 ,Optical Glass ,3.5 ±0.5 typical ,±0.1 ,Bandpass Filter ,Emission Flash Red 
"690nm CWL, 50mm Dia., Hard Coated OD 4 10nm Bandpass Filter ",65-235,$495,50.00 +0.0/-0.1,690 ,±2.0 ,10 ,±2.0 ,?85  ,200 - 1200 ,?4.0 ,45.3 ,80-50 ,Hard Coated ,5.0 ,Optical Glass ,3.5 ±0.5 typical ,±0.1 ,Bandpass Filter ,Emission Flash Red 
"694nm CWL, 12.5mm Dia., Hard Coated OD 4 10nm Bandpass Filter",65-114,$130,12.50 +0.0/-0.1,694 ,±2.0 ,10 ,±2.0 ,?85  ,200 - 1200 ,?4.0 ,8.8 ,80-50 ,Hard Coated ,5.0 ,Optical Glass ,3.5 ±0.5 typical ,±0.1 ,Bandpass Filter ,"HiLyte Fluor 680,  Alexa Fluor® 660, Cy5.5, DY-675 "
"694nm CWL, 25mm Dia., Hard Coated OD 4 10nm Bandpass Filter ",65-175,$205,25.00 +0.0/-0.1,694 ,±2.0 ,10 ,±2.0 ,?85  ,200 - 1200 ,?4.0 ,21.0 ,80-50 ,Hard Coated ,5.0 ,Optical Glass ,3.5 ±0.5 typical ,±0.1 ,Bandpass Filter ,"HiLyte Fluor 680,  Alexa Fluor® 660, Cy5.5, DY-676 "
"694nm CWL, 50mm Dia., Hard Coated OD 4 10nm Bandpass Filter",65-236,$495,50.00 +0.0/-0.1,694 ,±2.0 ,10 ,±2.0 ,?85  ,200 - 1200 ,?4.0 ,45.3 ,80-50 ,Hard Coated ,5.0 ,Optical Glass ,3.5 ±0.5 typical ,±0.1 ,Bandpass Filter ,"HiLyte Fluor 680,  Alexa Fluor® 660, Cy5.5, DY-677 "
"700nm CWL, 12.5mm Dia., Hard Coated OD 4 10nm Bandpass Filter",87-888,$130,12.50 +0.0/-0.1,700 ,±2.0 ,10 ,±2.0 ,>85 ,200 - 1200 ,?4.0 ,8.8 ,80-50 ,Hard Coated ,5.0 ,Optical Glass ,3.5 ±0.5 typical ,±0.1 ,Bandpass Filter ,ATTO 680 Emission 
"700nm CWL, 25mm Dia., Hard Coated OD 4 10nm Bandpass Filter",88-012,$205,25.00 +0.0/-0.1,700 ,±2.0 ,10 ,±2.0 ,>85 ,200 - 1200 ,?4.0 ,21.0 ,80-50 ,Hard Coated ,5.0 ,Optical Glass ,3.5 ±0.5 typical ,±0.1 ,Bandpass Filter ,ATTO 680 Emission 
"700nm CWL, 50mm Dia., Hard Coated OD 4 10nm Bandpass Filter",88-018,$495,50.00 +0.0/-0.1,700 ,±2.0 ,10 ,±2.0 ,>85 ,200 - 1200 ,?4.0 ,45.3 ,80-50 ,Hard Coated ,5.0 ,Optical Glass ,3.5 ±0.5 typical ,±0.1 ,Bandpass Filter ,ATTO 680 Emission 
"730nm CWL, 12.5mm Dia., Hard Coated OD 4 10nm Bandpass Filter",65-115,$130,12.50 +0.0/-0.1,730 ,±2.0 ,10 ,±2.0 ,?85 ,200 - 1200 ,?4.0 ,8.8 ,80-50 ,Hard Coated ,5.0 ,Optical Glass ,3.5 ±0.5 typical ,±0.1 ,Bandpass Filter ,ATTO 725 
"730nm CWL, 25mm Dia., Hard Coated OD 4 10nm Bandpass Filter",65-176,$205,25.00 +0.0/-0.1,730 ,±2.0 ,10 ,±2.0 ,?85 ,200 - 1200 ,?4.0 ,21.0 ,80-50 ,Hard Coated ,5.0 ,Optical Glass ,3.5 ±0.5 typical ,±0.1 ,Bandpass Filter ,ATTO 725 
"730nm CWL, 50mm Dia., Hard Coated OD 4 10nm Bandpass Filter",65-237,$495,50.00 +0.0/-0.1,730 ,±2.0 ,10 ,±2.0 ,?85 ,200 - 1200 ,?4.0 ,45.3 ,80-50 ,Hard Coated ,5.0 ,Optical Glass ,3.5 ±0.5 typical ,±0.1 ,Bandpass Filter ,ATTO 725 
"750nm CWL, 12.5mm Dia., Hard Coated OD 4 10nm Bandpass Filter",87-889,$130,12.50 +0.0/-0.1,750 ,±2.0 ,10 ,±2.0 ,>85 ,200 - 1200 ,?4.0 ,8.8 ,80-50 ,Hard Coated ,5.0 ,Optical Glass ,3.5 ±0.5 typical ,±0.1 ,Bandpass Filter ,"DiR, HiLyte Fluor 750 "
"750nm CWL, 25mm Dia., Hard Coated OD 4 10nm Bandpass Filter",88-013,$205,25.00 +0.0/-0.1,750 ,±2.0 ,10 ,±2.0 ,>85 ,200 - 1200 ,?4.0 ,21.0 ,80-50 ,Hard Coated ,5.0 ,Optical Glass ,3.5 ±0.5 typical ,±0.1 ,Bandpass Filter ,"DiR, HiLyte Fluor 751 "
"750nm CWL, 50mm Dia., Hard Coated OD 4 10nm Bandpass Filter",88-019,$495,50.00 +0.0/-0.1,750 ,±2.0 ,10 ,±2.0 ,>85 ,200 - 1200 ,?4.0 ,45.3 ,80-50 ,Hard Coated ,5.0 ,Optical Glass ,3.5 ±0.5 typical ,±0.1 ,Bandpass Filter ,"DiR, HiLyte Fluor 752 "
"766nm CWL, 12.5mm Dia., Hard Coated OD 4 10nm Bandpass Filter",65-116,$130,12.50 +0.0/-0.1,766 ,±2.0 ,10 ,±2.0 ,?85  ,200 - 1200 ,?4.0 ,8.8 ,80-50 ,Hard Coated ,5.0 ,Optical Glass ,3.5 ±0.5 typical ,±0.1 ,Bandpass Filter ,"ATTO 740, To-Pro 5, ICG, IRDye800RS "
"766nm CWL, 25mm Dia., Hard Coated OD 4 10nm Bandpass Filter",65-177,$205,25.00 +0.0/-0.1,766 ,±2.0 ,10 ,±2.0 ,?85  ,200 - 1200 ,?4.0 ,21.0 ,80-50 ,Hard Coated ,5.0 ,Optical Glass ,3.5 ±0.5 typical ,±0.1 ,Bandpass Filter ,"ATTO 740, To-Pro 5, ICG, IRDye800RS "
"766nm CWL, 50mm Dia., Hard Coated OD 4 10nm Bandpass Filter",65-238,$495,50.00 +0.0/-0.1,766 ,±2.0 ,10 ,±2.0 ,?85  ,200 - 1200 ,?4.0 ,45.3 ,80-50 ,Hard Coated ,5.0 ,Optical Glass ,3.5 ±0.5 typical ,±0.1 ,Bandpass Filter ,"ATTO 740, To-Pro 5, ICG, IRDye800RS "
"770nm CWL, 12.5mm Dia., Hard Coated OD 4 10nm Bandpass Filter",87-890,$130,12.50 +0.0/-0.1,770 ,±2.0 ,10 ,±2.0 ,>85 ,200 - 1200 ,?4.0 ,8.8 ,80-50 ,Hard Coated ,5.0 ,Optical Glass ,3.5 ±0.5 typical ,±0.1 ,Bandpass Filter ,To-Pro 5 
"770nm CWL, 25mm Dia., Hard Coated OD 4 10nm Bandpass Filter",88-014,$205,25.00 +0.0/-0.1,770 ,±2.0 ,10 ,±2.0 ,>85 ,200 - 1200 ,?4.0 ,21.0 ,80-50 ,Hard Coated ,5.0 ,Optical Glass ,3.5 ±0.5 typical ,±0.1 ,Bandpass Filter ,To-Pro 6 
"770nm CWL, 50mm Dia., Hard Coated OD 4 10nm Bandpass Filter",88-020,$495,50.00 +0.0/-0.1,770 ,±2.0 ,10 ,±2.0 ,>85 ,200 - 1200 ,?4.0 ,45.3 ,80-50 ,Hard Coated ,5.0 ,Optical Glass ,3.5 ±0.5 typical ,±0.1 ,Bandpass Filter ,To-Pro 7 
"780nm CWL, 12.5mm Dia., Hard Coated OD 4 10nm Bandpass Filter",65-117,$130,12.50 +0.0/-0.1,780 ,±2.0 ,10 ,±2.0 ,?85 ,200 - 1200 ,?4.0 ,8.8 ,80-50 ,Hard Coated ,5.0 ,Optical Glass ,3.5 ±0.5 typical ,±0.1 ,Bandpass Filter ,"DiR Emission, DyLight 750 "
"780nm CWL, 25mm Dia., Hard Coated OD 4 10nm Bandpass Filter",65-178,$205,25.00 +0.0/-0.1,780 ,±2.0 ,10 ,±2.0 ,?85 ,200 - 1200 ,?4.0 ,21.0 ,80-50 ,Hard Coated ,5.0 ,Optical Glass ,3.5 ±0.5 typical ,±0.1 ,Bandpass Filter ,"DiR Emission, DyLight 750 "
"780nm CWL, 50mm Dia., Hard Coated OD 4 10nm Bandpass Filter",65-239,$495,50.00 +0.0/-0.1,780 ,±2.0 ,10 ,±2.0 ,?85 ,200 - 1200 ,?4.0 ,45.3 ,80-50 ,Hard Coated ,5.0 ,Optical Glass ,3.5 ±0.5 typical ,±0.1 ,Bandpass Filter ,"DiR Emission, DyLight 750 "
"785nm CWL, 12.5mm Dia., Hard Coated OD 4 10nm Bandpass Filter",86-735,$130,12.50 +0.0/-0.1,785 ,±2.0 ,10 ,±2.0 ,?85 ,200 - 1200 ,?4.0 ,8.8 ,80-50 ,Hard Coated ,5.0 ,Optical Glass ,3.5 ±0.5 typical ,±0.1 ,Bandpass Filter ,Alexa Fluor® 790 
"785nm CWL, 25mm Dia., Hard Coated OD 4 10nm Bandpass Filter",86-739,$205,25.00 +0.0/-0.1,785 ,±2.0 ,10 ,±2.0 ,?85 ,200 - 1200 ,?4.0 ,21.0 ,80-50 ,Hard Coated ,5.0 ,Optical Glass ,3.5 ±0.5 typical ,±0.1 ,Bandpass Filter ,Alexa Fluor® 790 
"785nm CWL, 50mm Dia., Hard Coated OD 4 10nm Bandpass Filter",86-743,$495,50.00 +0.0/-0.1,785 ,±2.0 ,10 ,±2.0 ,?85 ,200 - 1200 ,?4.0 ,45.3 ,80-50 ,Hard Coated ,5.0 ,Optical Glass ,3.5 ±0.5 typical ,±0.1 ,Bandpass Filter ,Alexa Fluor® 790 
"800nm CWL, 12.5mm Dia., Hard Coated OD 4 10nm Bandpass Filter",65-118,$130,12.50 +0.0/-0.1,800 ,±2.0 ,10 ,±2.0 ,?85 ,200 - 1200 ,?4.0 ,8.8 ,80-50 ,Hard Coated ,5.0 ,Optical Glass ,3.5 ±0.5 typical ,±0.1 ,Bandpass Filter ,
"800nm CWL, 25mm Dia., Hard Coated OD 4 10nm Bandpass Filter",65-179,$205,25.00 +0.0/-0.1,800 ,±2.0 ,10 ,±2.0 ,?85 ,200 - 1200 ,?4.0 ,21.0 ,80-50 ,Hard Coated ,5.0 ,Optical Glass ,3.5 ±0.5 typical ,±0.1 ,Bandpass Filter ,
"800nm CWL, 50mm Dia., Hard Coated OD 4 10nm Bandpass Filter",65-240,$495,50.00 +0.0/-0.1,800 ,±2.0 ,10 ,±2.0 ,?85 ,200 - 1200 ,?4.0 ,45.3 ,80-50 ,Hard Coated ,5.0 ,Optical Glass ,3.5 ±0.5 typical ,±0.1 ,Bandpass Filter ,
"808nm CWL, 12.5mm Dia., Hard Coated OD 4 10nm Bandpass Filter",39-309,$130,12.50 +0.0/-0.1,808 ,±2.0 ,10 ,±2.0 ,?85 ,200 - 1200 ,?4.0 ,8.8 ,80-50 ,Hard Coated ,5.0 ,Optical Glass ,3.5 ±0.5 typical ,±0.1 ,Bandpass Filter ,Laser Diode 
"808nm CWL, 25mm Dia., Hard Coated OD 4 10nm Bandpass Filter",39-316,$205,25.00 +0.0/-0.1,808 ,±2.0 ,10 ,±2.0 ,?85 ,200 - 1200 ,?4.0 ,21.0 ,80-50 ,Hard Coated ,5.0 ,Optical Glass ,3.5 ±0.5 typical ,±0.1 ,Bandpass Filter ,Laser Diode 
"808nm CWL, 50mm Dia., Hard Coated OD 4 10nm Bandpass Filter",39-323,$495,50.00 +0.0/-0.1,808 ,±2.0 ,10 ,±2.0 ,?85 ,200 - 1200 ,?4.0 ,45.3 ,80-50 ,Hard Coated ,5.0 ,Optical Glass ,3.5 ±0.5 typical ,±0.1 ,Bandpass Filter ,Laser Diode 
"810nm CWL, 12.5mm Dia., Hard Coated OD 4 10nm Bandpass Filter",87-891,$130,12.50 +0.0/-0.1,810 ,±2.0 ,10 ,±2.0 ,>85 ,200 - 1200 ,?4.0 ,8.8 ,80-50 ,Hard Coated ,5.0 ,Optical Glass ,3.5 ±0.5 typical ,±0.1 ,Bandpass Filter ,IRDye800RS 
"810nm CWL, 25mm Dia., Hard Coated OD 4 10nm Bandpass Filter",88-015,$205,25.00 +0.0/-0.1,810 ,±2.0 ,10 ,±2.0 ,>85 ,200 - 1200 ,?4.0 ,21.0 ,80-50 ,Hard Coated ,5.0 ,Optical Glass ,3.5 ±0.5 typical ,±0.1 ,Bandpass Filter ,IRDye800RS 
"810nm CWL, 50mm Dia., Hard Coated OD 4 10nm Bandpass Filter",88-021,$495,50.00 +0.0/-0.1,810 ,±2.0 ,10 ,±2.0 ,>85 ,200 - 1200 ,?4.0 ,45.3 ,80-50 ,Hard Coated ,5.0 ,Optical Glass ,3.5 ±0.5 typical ,±0.1 ,Bandpass Filter ,IRDye800RS 
"830nm CWL, 12.5mm Dia., Hard Coated OD 4 10nm Bandpass Filter",65-119,$130,12.50 +0.0/-0.1,830 ,±2.0 ,10 ,±2.0 ,?85  ,200 - 1200 ,?4.0 ,8.8 ,80-50 ,Hard Coated ,5.0 ,Optical Glass ,3.5 ±0.5 typical ,±0.1 ,Bandpass Filter ,
"830nm CWL, 25mm Dia., Hard Coated OD 4 10nm Bandpass Filter",65-180,$205,25.00 +0.0/-0.1,830 ,±2.0 ,10 ,±2.0 ,?85  ,200 - 1200 ,?4.0 ,21.0 ,80-50 ,Hard Coated ,5.0 ,Optical Glass ,3.5 ±0.5 typical ,±0.1 ,Bandpass Filter ,
"830nm CWL, 50mm Dia., Hard Coated OD 4 10nm Bandpass Filter",65-241,$495,50.00 +0.0/-0.1,830 ,±2.0 ,10 ,±2.0 ,?85  ,200 - 1200 ,?4.0 ,45.3 ,80-50 ,Hard Coated ,5.0 ,Optical Glass ,3.5 ±0.5 typical ,±0.1 ,Bandpass Filter ,
"850nm CWL, 12.5mm Dia., Hard Coated OD 4 10nm Bandpass Filter",86-087,$130,12.50 +0.0/-0.1,850 ,±2.0 ,10 ,±2.0 ,?85  ,200 - 1200 ,?4.0 ,8.8 ,80-50 ,Hard Coated ,5.0 ,Optical Glass ,3.5 ±0.5 typical ,±0.1 ,Bandpass Filter ,
"850nm CWL, 25mm Dia., Hard Coated OD 4 10nm Bandpass Filter ",86-090,$205,25.00 +0.0/-0.1,850 ,±2.0 ,10 ,±2.0 ,?85  ,200 - 1200 ,?4.0 ,21.0 ,80-50 ,Hard Coated ,5.0 ,Optical Glass ,3.5 ±0.5 typical ,±0.1 ,Bandpass Filter ,
"850nm CWL, 50mm Dia., Hard Coated OD 4 10nm Bandpass Filter",86-093,$495,50.00 +0.0/-0.1,850 ,±2.0 ,10 ,±2.0 ,?85  ,200 - 1200 ,?4.0 ,45.3 ,80-50 ,Hard Coated ,5.0 ,Optical Glass ,3.5 ±0.5 typical ,±0.1 ,Bandpass Filter ,
"852nm CWL, 12.5mm Dia., Hard Coated OD 4 10nm Bandpass Filter",65-120,$130,12.50 +0.0/-0.1,852 ,±2.0 ,10 ,±2.0 ,?85 ,200 - 1200 ,?4.0 ,8.8 ,80-50 ,Hard Coated ,5.0 ,Optical Glass ,3.5 ±0.5 typical ,±0.1 ,Bandpass Filter ,
"852nm CWL, 25mm Dia., Hard Coated OD 4 10nm Bandpass Filter",65-181,$205,25.00 +0.0/-0.1,852 ,±2.0 ,10 ,±2.0 ,?85 ,200 - 1200 ,?4.0 ,21.0 ,80-50 ,Hard Coated ,5.0 ,Optical Glass ,3.5 ±0.5 typical ,±0.1 ,Bandpass Filter ,
"852nm CWL, 50mm Dia., Hard Coated OD 4 10nm Bandpass Filter",65-242,$495,50.00 +0.0/-0.1,852 ,±2.0 ,10 ,±2.0 ,?85 ,200 - 1200 ,?4.0 ,45.3 ,80-50 ,Hard Coated ,5.0 ,Optical Glass ,3.5 ±0.5 typical ,±0.1 ,Bandpass Filter ,
"880nm CWL, 12.5mm Dia., Hard Coated OD 4 10nm Bandpass Filter",65-122,$130,12.50 +0.0/-0.1,880 ,±2.0 ,10 ,±2.0 ,?85 ,200 - 1200 ,?4.0 ,8.8 ,80-50 ,Hard Coated ,5.0 ,Optical Glass ,3.5 ±0.5 typical ,±0.1 ,Bandpass Filter ,
"880nm CWL, 25mm Dia., Hard Coated OD 4 10nm Bandpass Filter",65-183,$205,25.00 +0.0/-0.1,880 ,±2.0 ,10 ,±2.0 ,?85 ,200 - 1200 ,?4.0 ,21.0 ,80-50 ,Hard Coated ,5.0 ,Optical Glass ,3.5 ±0.5 typical ,±0.1 ,Bandpass Filter ,
"880nm CWL, 50mm Dia., Hard Coated OD 4 10nm Bandpass Filter",65-244,$495,50.00 +0.0/-0.1,880 ,±2.0 ,10 ,±2.0 ,?85 ,200 - 1200 ,?4.0 ,45.3 ,80-50 ,Hard Coated ,5.0 ,Optical Glass ,3.5 ±0.5 typical ,±0.1 ,Bandpass Filter ,
"905nm CWL, 12.5mm Dia., Hard Coated OD 4 10nm Bandpass Filter",65-123,$130,12.50 +0.0/-0.1,905 ,±2.0 ,10 ,±2.0 ,?85  ,200 - 1200 ,?4.0 ,8.8 ,80-50 ,Hard Coated ,5.0 ,Optical Glass ,3.5 ±0.5 typical ,±0.1 ,Bandpass Filter ,
"905nm CWL, 25mm Dia., Hard Coated OD 4 10nm Bandpass Filter",65-184,$205,25.00 +0.0/-0.1,905 ,±2.0 ,10 ,±2.0 ,?85  ,200 - 1200 ,?4.0 ,21.0 ,80-50 ,Hard Coated ,5.0 ,Optical Glass ,3.5 ±0.5 typical ,±0.1 ,Bandpass Filter ,
"905nm CWL, 50mm Dia., Hard Coated OD 4 10nm Bandpass Filter",65-245,$495,50.00 +0.0/-0.1,905 ,±2.0 ,10 ,±2.0 ,?85  ,200 - 1200 ,?4.0 ,45.3 ,80-50 ,Hard Coated ,5.0 ,Optical Glass ,3.5 ±0.5 typical ,±0.1 ,Bandpass Filter ,
"940nm CWL, 12.5mm Dia., Hard Coated OD 4 10nm Bandpass Filter",65-124,$130,12.50 +0.0/-0.1,940 ,±2.0 ,10 ,±2.0 ,?85 ,200 - 1200 ,?4.0 ,8.8 ,80-50 ,Hard Coated ,5.0 ,Optical Glass ,3.5 ±0.5 typical ,±0.1 ,Bandpass Filter ,
"940nm CWL, 25mm Dia., Hard Coated OD 4 10nm Bandpass Filter",65-185,$205,25.00 +0.0/-0.1,940 ,±2.0 ,10 ,±2.0 ,?85 ,200 - 1200 ,?4.0 ,21.0 ,80-50 ,Hard Coated ,5.0 ,Optical Glass ,3.5 ±0.5 typical ,±0.1 ,Bandpass Filter ,
"940nm CWL, 50mm Dia., Hard Coated OD 4 10nm Bandpass Filter",65-246,$495,50.00 +0.0/-0.1,940 ,±2.0 ,10 ,±2.0 ,?85 ,200 - 1200 ,?4.0 ,45.3 ,80-50 ,Hard Coated ,5.0 ,Optical Glass ,3.5 ±0.5 typical ,±0.1 ,Bandpass Filter ,
"950nm CWL, 12.5mm Dia., Hard Coated OD 4 10nm Bandpass Filter",88-569,$130,12.50 +0.0/-0.1,950 ,±2.0 ,10 ,±2.0 ,>85 ,200 - 1200 ,?4.0 ,8.8 ,80-50 ,Hard Coated ,5.0 ,Optical Glass ,3.5 ±0.5 typical ,±0.1 ,Bandpass Filter ,
"950nm CWL, 25mm Dia., Hard Coated OD 4 10nm Bandpass Filter",88-572,$205,25.00 +0.0/-0.1,950 ,±2.0 ,10 ,±2.0 ,>85 ,200 - 1200 ,?4.0 ,21.0 ,80-50 ,Hard Coated ,5.0 ,Optical Glass ,3.5 ±0.5 typical ,±0.1 ,Bandpass Filter ,
"950nm CWL, 50mm Dia., Hard Coated OD 4 10nm Bandpass Filter",88-575,$495,50.00 +0.0/-0.1,950 ,±2.0 ,10 ,±2.0 ,>85 ,200 - 1200 ,?4.0 ,45.3 ,80-50 ,Hard Coated ,5.0 ,Optical Glass ,3.5 ±0.5 typical ,±0.1 ,Bandpass Filter ,
"980nm CWL, 12.5mm Dia., Hard Coated OD 4 10nm Bandpass Filter",65-125,$130,12.50 +0.0/-0.1,980 ,±2.0 ,10 ,±2.0 ,?85 ,200 - 1200 ,?4.0 ,8.8 ,80-50 ,Hard Coated ,5.0 ,Optical Glass ,3.5 ±0.5 typical ,±0.1 ,Bandpass Filter ,
"980nm CWL, 25mm Dia., Hard Coated OD 4 10nm Bandpass Filter",65-186,$205,25.00 +0.0/-0.1,980 ,±2.0 ,10 ,±2.0 ,?85 ,200 - 1200 ,?4.0 ,21.0 ,80-50 ,Hard Coated ,5.0 ,Optical Glass ,3.5 ±0.5 typical ,±0.1 ,Bandpass Filter ,
"980nm CWL, 50mm Dia., Hard Coated OD 4 10nm Bandpass Filter",65-247,$495,50.00 +0.0/-0.1,980 ,±2.0 ,10 ,±2.0 ,?85 ,200 - 1200 ,?4.0 ,45.3 ,80-50 ,Hard Coated ,5.0 ,Optical Glass ,3.5 ±0.5 typical ,±0.1 ,Bandpass Filter ,
"1030nm CWL, 12.5mm Dia., Hard Coated OD 4 10nm Bandpass Filter",39-310,$155,12.50 +0.0/-0.1,1030 ,±2.0 ,10 ,±2.0 ,?85 ,200 - 1200 ,?4.0 ,8.8 ,80-50 ,Hard Coated ,5.0 ,Optical Glass ,3.5 ±0.5 typical ,±0.1 ,Bandpass Filter ,Nd:YLF Laser 
"1030nm CWL, 25mm Dia., Hard Coated OD 4 10nm Bandpass Filter",39-317,$255,25.00 +0.0/-0.1,1030 ,±2.0 ,10 ,±2.0 ,?85 ,200 - 1200 ,?4.0 ,21.0 ,80-50 ,Hard Coated ,5.0 ,Optical Glass ,3.5 ±0.5 typical ,±0.1 ,Bandpass Filter ,Nd:YLF Laser 
"1030nm CWL, 50mm Dia., Hard Coated OD 4 10nm Bandpass Filter",39-324,$595,50.00 +0.0/-0.1,1030 ,±2.0 ,10 ,±2.0 ,?85 ,200 - 1200 ,?4.0 ,45.3 ,80-50 ,Hard Coated ,5.0 ,Optical Glass ,3.5 ±0.5 typical ,±0.1 ,Bandpass Filter ,Nd:YLF Laser 
"1064nm CWL, 12.5mm Dia., Hard Coated OD 4 10nm Bandpass Filter",65-126,$155,12.50 +0.0/-0.1,1064 ,±2.0 ,10 ,±2.0 ,?85  ,200 - 1200 ,?4.0 ,8.8 ,80-50 ,Hard Coated ,5.0 ,Optical Glass ,3.5 ±0.5 typical ,±0.1 ,Bandpass Filter ,
"1064nm CWL, 25mm Dia., Hard Coated OD 4 10nm Bandpass Filter",65-187,$255,25.00 +0.0/-0.1,1064 ,±2.0 ,10 ,±2.0 ,?85  ,200 - 1200 ,?4.0 ,21.0 ,80-50 ,Hard Coated ,5.0 ,Optical Glass ,3.5 ±0.5 typical ,±0.1 ,Bandpass Filter ,
"1064nm CWL, 50mm Dia., Hard Coated OD 4 10nm Bandpass Filter",65-248,$595,50.00 +0.0/-0.1,1064 ,±2.0 ,10 ,±2.0 ,?85  ,200 - 1200 ,?4.0 ,45.3 ,80-50 ,Hard Coated ,5.0 ,Optical Glass ,3.5 ±0.5 typical ,±0.1 ,Bandpass Filter ,
"1450nm CWL, 12.5mm Dia., Hard Coated OD 4 10nm Bandpass Filter",39-311,$155,12.50 +0.0/-0.1,1450 ,±2.0 ,10 ,±2.0 ,?85 ,400 - 1800 ,?4.0 ,8.8 ,80-50 ,Hard Coated ,5.0 ,Optical Glass ,3.5 ±0.5 typical ,±0.1 ,Bandpass Filter ,Laser Diode 
"1450nm CWL, 25mm Dia., Hard Coated OD 4 10nm Bandpass Filter",39-318,$255,25.00 +0.0/-0.1,1450 ,±2.0 ,10 ,±2.0 ,?85 ,400 - 1800 ,?4.0 ,21.0 ,80-50 ,Hard Coated ,5.0 ,Optical Glass ,3.5 ±0.5 typical ,±0.1 ,Bandpass Filter ,Laser Diode 
"1450nm CWL, 50mm Dia., Hard Coated OD 4 10nm Bandpass Filter",39-326,$595,50.00 +0.0/-0.1,1450 ,±2.0 ,10 ,±2.0 ,?85 ,400 - 1800 ,?4.0 ,45.3 ,80-50 ,Hard Coated ,5.0 ,Optical Glass ,3.5 ±0.5 typical ,±0.1 ,Bandpass Filter ,Laser Diode 
"1550nm CWL, 12.5mm Dia., Hard Coated OD 4 10nm Bandpass Filter",86-088,$155,12.50 +0.0/-0.1,1550 ,±2.0 ,10 ,±2.0 ,?85 ,200 - 1800 ,?4.0 ,8.8 ,80-50 ,Hard Coated ,5.0 ,Optical Glass ,3.5 ±0.5 typical ,±0.1 ,Bandpass Filter ,
"1550nm CWL, 25mm Dia., Hard Coated OD 4 10nm Bandpass Filter",86-091,$255,25.00 +0.0/-0.1,1550 ,±2.0 ,10 ,±2.0 ,?85 ,200 - 1800 ,?4.0 ,21.0 ,80-50 ,Hard Coated ,5.0 ,Optical Glass ,3.5 ±0.5 typical ,±0.1 ,Bandpass Filter ,
"1550nm CWL, 50mm Dia., Hard Coated OD 4 10nm Bandpass Filter",86-094,$595,50.00 +0.0/-0.1,1550 ,±2.0 ,10 ,±2.0 ,?85 ,200 - 1800 ,?4.0 ,45.3 ,80-50 ,Hard Coated ,5.0 ,Optical Glass ,3.5 ±0.5 typical ,±0.1 ,Bandpass Filter ,
